opp_puntyds_punt,opp_conv3rddownatt_conv,int_ret_yds_td,opp_offydsperplay,fd_rush_pass_pen,fumbles_num_lost,opp_passyds,opp_intret_yds_td,opp_redzoneatt_scores,fgsuccesspercent,opp_kickoffretyds_ret,opp_puntpunts_yds,rush_att_yds_td,att_made_2ptconv,offenseydsperplay,pat_att_made,opp_ppg,opp_kickoffret_ret_yds_td,redzonesuccesspercent,opp_fgatt_made,fg_att_made,opp_rushatt_yds_td,successpercent2ptconv,convpercent4thdown,pen_num_yds,pass_att_comp_int_td,opp_passrating,rushing,opp_redzonesuccesspercent,convpercent3rddown,opp_offplays_yds,opp_rushyds_att,pass_rating,opp_conv2ptatt_made,timeofpossessionpergame,games_pts,firstdowns,opp_conv4thdownpercent,opp_pennum_yds,patsuccesspercent,opp_patatt_made,yardsperpuntreturn,opp_conv4thdownatt_conv,opp_firstdowns_total,opp_pryds_ret,opp_firstdowns_rush_pass_pen,opp_timeofposs_game,pass_yds,redzone_att_scores,opp_prret_yds_td,ppg,off_plays_yds,opp_conv3rddownpercent,opp_conv2ptsuccesspercent,att_conv_4thdown,punts_yds,team,opp_patsuccesspercent,opp_passatt_comp_int_td,opp_fgsuccesspercent,opp_games_pts,att_conv_3rddown,opp_fumblesnum_lost,pageUrl
39.63,174 - 63,13 - 244 - 1,5.18,93 - 142 - 25,20 - 12,2670,14 - 160 - 0,41 - 31,72.20%,19.26,67 - 2655,363 - 1484 - 18,0 - 0,5.03,33 - 32,23.1,43 - 828 - 0,68.09%,18 - 13,18 - 13,457 - 1783 - 14,-,33.33%,101 - 870,528 - 284 - 14 - 14,121.71,4.09,75.61%,34.08%,859 - 4453,3.9,104.88,Apr-00,29:05.9,12 - 271,260,41.18%,95 - 849,97%,31 - 28,3.75,17 - 7,255,7.24,100 - 124 - 31,30:54.1,2995,47 - 32,17 - 123 - 0,22.6,891 - 4479,36.21%,0%,21 - 7,67 - 2806,Akron,90.30%,402 - 225 - 13 - 20,72.20%,12 - 277,179 - 61,22 - 11,http://www.cfbstats.com/2014/team/5
43.07,218 - 82,11 - 84 - 0,4.87,154 - 170 - 16,18 - 12,3164,10 - 124 - 1,44 - 37,63.60%,21.52,88 - 3790,567 - 2893 - 35,1-Mar,6.66,65 - 63,18.4,60 - 1291 - 1,85.94%,25 - 23,22 - 14,452 - 1434 - 5,33.33%,76.92%,69 - 562,451 - 290 - 10 - 32,116.53,5.1,84.09%,51.26%,945 - 4598,3.17,155.73,2-Feb,31:44.5,14 - 517,340,38.89%,61 - 516,96.90%,25 - 23,9.36,18 - 7,234,6.92,81 - 141 - 12,27:40.6,3890,64 - 55,12 - 83 - 0,36.9,1018 - 6783,37.61%,100%,13 - 10,55 - 2640,Alabama,92%,493 - 268 - 11 - 19,92%,14 - 258,199 - 102,20 - 9,http://www.cfbstats.com/2014/team/8
39.68,179 - 64,9 - 99 - 2,5.68,150 - 102 - 13,13 - 9,2772,12 - 287 - 4,41 - 33,76.50%,25.06,76 - 3016,613 - 2545 - 27,Apr-00,5.51,48 - 47,29.9,36 - 902 - 1,74.51%,15 - 8,17 - 13,474 - 2101 - 18,0%,42.86%,77 - 674,328 - 203 - 12 - 17,129.71,4.15,80.49%,43.01%,858 - 4873,4.43,139.21,May-00,30:33.3,12 - 398,265,50%,64 - 552,97.90%,44 - 41,9.53,20 - 10,245,8.22,113 - 113 - 19,29:26.7,2637,51 - 38,23 - 189 - 1,33.2,941 - 5182,35.75%,0%,28 - 12,61 - 2601,UAB,93.20%,384 - 204 - 9 - 24,53.30%,12 - 359,193 - 83,16 - 10,http://www.cfbstats.com/2014/team/9
38.61,164 - 56,12 - 97 - 1,5.31,137 - 114 - 32,17 - 10,2342,11 - 61 - 0,47 - 40,53.30%,23.24,56 - 2162,537 - 2901 - 33,1-Jan,6.31,57 - 52,27.3,45 - 1046 - 1,75%,21 - 14,15 - 8,430 - 1828 - 21,100%,60.87%,88 - 755,340 - 205 - 11 - 21,123.27,5.4,85.11%,48.84%,786 - 4170,4.25,139.35,Apr-00,31:20.0,12 - 428,283,57.14%,80 - 837,91.20%,38 - 34,5.42,21 - 12,213,13.74,94 - 100 - 19,28:39.5,2637,60 - 45,19 - 261 - 2,35.7,877 - 5538,34.15%,0%,23 - 14,45 - 1707,Appalachian State,89.50%,356 - 210 - 12 - 17,66.70%,12 - 328,172 - 84,17 - 7,http://www.cfbstats.com/2014/team/27
39.68,209 - 79,14 - 276 - 3,5.62,110 - 166 - 25,15 - 4,3376,9 - 243 - 3,46 - 35,82.10%,23.27,75 - 2976,508 - 2194 - 20,2-Mar,5.9,55 - 53,27.9,55 - 1280 - 1,90.63%,15 - 13,28 - 23,511 - 2046 - 17,66.67%,43.48%,58 - 421,467 - 281 - 9 - 34,131.84,4.32,76.09%,38.19%,964 - 5422,4,144.32,0 - 0,28:42.4,13 - 480,301,50%,91 - 796,96.40%,46 - 46,3.67,28 - 14,261,13.07,100 - 146 - 15,31:17.6,3556,64 - 58,15 - 196 - 2,36.9,975 - 5750,37.80%,-,23 - 10,67 - 2774,Arizona State,100%,453 - 269 - 14 - 22,86.70%,13 - 363,199 - 76,22 - 13,http://www.cfbstats.com/2014/team/28
42.33,232 - 94,13 - 138 - 1,5.66,128 - 176 - 42,14 - 8,3937,10 - 99 - 1,53 - 47,71.40%,18.49,85 - 3598,575 - 2546 - 26,Feb-00,5.7,57 - 57,28.2,41 - 758 - 0,80%,24 - 17,28 - 20,581 - 2377 - 19,0%,61.54%,92 - 881,564 - 320 - 10 - 29,139.72,4.43,88.68%,38.03%,1115 - 6314,4.09,128.92,1-Jan,27:13.8,14 - 483,346,38.89%,124 - 1086,100%,48 - 46,10.24,18 - 7,337,8.38,120 - 188 - 29,32:46.2,3945,60 - 48,32 - 268 - 0,34.5,1139 - 6491,40.52%,100%,26 - 16,80 - 3651,Arizona,95.80%,534 - 349 - 13 - 28,70.80%,14 - 395,234 - 89,31 - 13,http://www.cfbstats.com/2014/team/29
41.64,198 - 71,16 - 266 - 3,5.62,145 - 139 - 20,22 - 14,2808,8 - 79 - 0,44 - 35,61.10%,16.31,81 - 3373,576 - 2813 - 35,1-May,6.05,60 - 52,30.5,42 - 685 - 0,81.03%,13 - 7,18 - 11,565 - 2668 - 34,20%,50%,104 - 905,448 - 276 - 8 - 25,122.27,4.88,79.55%,37.68%,975 - 5476,4.72,139.84,0 - 0,28:51.2,13 - 477,304,43.48%,91 - 793,86.70%,54 - 51,7.14,23 - 10,279,3.1,146 - 108 - 25,31:08.9,3381,58 - 47,10/31/2000,36.7,1024 - 6194,35.86%,-,36 - 18,67 - 2819,Arkansas State,94.40%,410 - 238 - 16 - 18,53.80%,13 - 396,207 - 78,23 - 12,http://www.cfbstats.com/2014/team/30
42.82,182 - 72,12 - 241 - 1,5.12,146 - 120 - 22,25 - 11,2714,6 - 91 - 1,33 - 23,64.30%,23.84,66 - 2826,557 - 2834 - 31,Feb-00,5.76,54 - 52,19.2,50 - 1192 - 1,78.57%,13 - 6,14 - 9,429 - 1490 - 11,0%,63.16%,68 - 581,359 - 199 - 6 - 21,123.39,5.09,69.70%,46.81%,821 - 4204,3.47,128.59,1-Jan,34:02.8,13 - 415,288,22.22%,77 - 638,96.30%,32 - 32,9.36,18 - 4,225,3.06,97 - 115 - 13,25:57.1,2444,56 - 44,16 - 49 - 0,31.9,916 - 5278,39.56%,100%,19 - 12,59 - 2363,Arkansas,100%,392 - 217 - 12 - 19,46.20%,13 - 250,188 - 88,22 - 12,http://www.cfbstats.com/2014/team/31
41.14,179 - 64,22 - 130 - 1,5.67,172 - 132 - 10,18 - 13,2991,7 - 95 - 0,54 - 40,75%,21.79,59 - 2427,607 - 3321 - 32,1-Jan,6.71,57 - 57,26.7,33 - 719 - 0,87.93%,18 - 11,24 - 18,493 - 2194 - 22,100%,42.86%,92 - 896,332 - 208 - 7 - 23,124.2,5.47,74.07%,52.51%,914 - 5185,4.45,156.79,1-Feb,29:52.7,13 - 461,314,60%,57 - 467,100%,43 - 42,17.82,25 - 15,287,7.79,119 - 131 - 37,30:07.3,2984,58 - 51,19 - 148 - 0,35.5,939 - 6305,35.75%,50%,3-Jul,52 - 2115,Auburn,97.70%,421 - 243 - 22 - 22,61.10%,13 - 347,179 - 94,22 - 5,http://www.cfbstats.com/2014/team/37
40.63,184 - 80,10 - 177 - 0,5.87,92 - 129 - 23,15 - 8,2853,7/31/2001,55 - 41,83.30%,23.07,57 - 2316,448 - 1841 - 16,Jan-00,5.17,36 - 35,27.2,41 - 946 - 1,89.13%,17 - 11,30 - 25,475 - 2293 - 24,0%,84.62%,50 - 489,409 - 232 - 7 - 19,129.95,4.11,74.55%,38.17%,877 - 5146,4.83,121.83,1-Feb,29:52.9,12 - 332,244,50%,67 - 588,97.20%,40 - 39,6.67,22 - 11,265,8.14,121 - 128 - 16,30:06.1,2590,46 - 41,14 - 114 - 0,27.7,857 - 4431,43.48%,50%,13 - 11,65 - 2708,Ball State,97.50%,402 - 250 - 10 - 16,64.70%,12 - 326,186 - 71,23 - 14,http://www.cfbstats.com/2014/team/47
40.85,210 - 81,13 - 203 - 0,5.28,171 - 193 - 27,16 - 5,3434,8 - 67 - 1,38 - 33,69.20%,18.57,82 - 3350,619 - 2802 - 43,0 - 0,6.64,82 - 81,25.5,81 - 1504 - 1,84.93%,14 - 11,26 - 18,485 - 1530 - 17,-,73.53%,127 - 1149,519 - 323 - 8 - 38,129.54,4.53,86.84%,46.73%,941 - 4964,3.15,160.31,Feb-00,29:02.9,13 - 627,391,25%,89 - 866,98.80%,41 - 41,4.65,24 - 6,256,5.09,85 - 128 - 43,30:57.1,4757,73 - 62,11 - 56 - 0,48.2,1138 - 7559,38.57%,0%,34 - 25,47 - 2040,Baylor,100%,456 - 249 - 13 - 24,78.60%,13 - 332,214 - 100,25 - 13,http://www.cfbstats.com/2014/team/51
43.71,225 - 78,22 - 284 - 5,5.24,148 - 173 - 17,20 - 9,3260,15 - 189 - 2,45 - 36,76.20%,20.58,84 - 3672,609 - 2994 - 39,Feb-00,6.53,71 - 68,26.8,36 - 741 - 1,90.14%,19 - 16,21 - 16,516 - 1996 - 24,0%,47.62%,92 - 801,451 - 310 - 15 - 27,116.64,4.92,80%,44.39%,1004 - 5256,3.87,154.97,3-Apr,31:27.4,14 - 556,338,42.86%,76 - 622,95.80%,42 - 41,9.86,28 - 12,258,9.06,90 - 148 - 20,28:32.6,3926,71 - 64,18 - 163 - 0,39.7,1060 - 6920,34.67%,75%,21 - 10,68 - 2845,Boise State,97.60%,488 - 280 - 22 - 18,84.20%,14 - 375,205 - 91,18 - 9,http://www.cfbstats.com/2014/team/66
40.34,186 - 72,9 - 86 - 0,5.13,157 - 73 - 18,3-Nov,2987,10 - 100 - 0,42 - 35,63.20%,18.34,79 - 3187,635 - 3311 - 31,Feb-00,5.69,43 - 35,21.3,47 - 862 - 0,83.78%,17 - 13,19 - 12,399 - 1228 - 14,0%,57.14%,58 - 498,243 - 135 - 10 - 13,133.06,5.21,83.33%,35.96%,822 - 4215,3.08,123.1,0 - 0,33:06.0,13 - 341,248,50%,75 - 593,81.40%,34 - 34,7.81,6-Dec,225,6.46,77 - 135 - 13,26:54.0,1681,37 - 31,28 - 181 - 0,26.2,878 - 4992,38.71%,-,21 - 12,66 - 2764,Boston College,100%,423 - 264 - 9 - 20,76.50%,13 - 277,178 - 64,5-Oct,http://www.cfbstats.com/2014/team/67
39.4,222 - 95,16 - 172 - 0,5.98,120 - 158 - 33,19 - 10,4080,13 - 132 - 0,67 - 52,79.30%,21.74,72 - 2837,556 - 2422 - 30,Mar-00,5.5,48 - 45,33.5,69 - 1500 - 0,83.02%,21 - 13,29 - 23,568 - 2830 - 37,0%,30.43%,110 - 872,547 - 317 - 13 - 17,126.91,4.36,77.61%,37.66%,1156 - 6910,4.98,119.35,0 - 0,26:12.3,14 - 420,311,43.48%,92 - 890,93.80%,62 - 58,10.19,23 - 10,366,7.17,149 - 192 - 25,33:47.7,3639,53 - 44,29 - 208 - 0,30,1103 - 6061,42.79%,-,23 - 7,82 - 3482,Bowling Green,93.50%,588 - 353 - 16 - 25,61.90%,14 - 469,231 - 87,27 - 17,http://www.cfbstats.com/2014/team/71
39.77,224 - 85,14 - 249 - 2,4.93,143 - 160 - 22,30 - 15,3506,12 - 61 - 0,50 - 42,85.70%,18.43,81 - 3221,567 - 2363 - 28,0 - 0,5.7,63 - 62,27.5,67 - 1235 - 0,88.14%,25 - 17,14 - 12,483 - 1584 - 19,-,65.22%,110 - 1053,483 - 289 - 12 - 32,121.49,4.17,84%,43.20%,1032 - 5090,3.28,139.73,1-Jan,27:54.1,13 - 482,325,60.71%,88 - 768,98.40%,43 - 41,7.47,28 - 17,282,9.33,87 - 164 - 31,32:05.8,3623,59 - 52,24 - 224 - 0,37.1,1050 - 5986,37.95%,100%,23 - 15,69 - 3106,BYU,95.30%,549 - 318 - 14 - 25,68%,13 - 358,206 - 89,22 - 12,http://www.cfbstats.com/2014/team/77
41.8,154 - 58,2 - 0 - 0,5.86,97 - 122 - 25,6-Dec,2448,12 - 147 - 1,43 - 37,42.90%,19.79,60 - 2508,443 - 1965 - 16,1-May,5.95,44 - 41,31.5,39 - 772 - 0,74%,8-Oct,14 - 6,451 - 1927 - 29,20%,52.17%,58 - 588,367 - 235 - 12 - 32,137.87,4.44,86.05%,45.73%,746 - 4375,4.27,151.6,Feb-00,32:52.0,11 - 355,244,71.43%,72 - 646,93.20%,45 - 41,7.42,21 - 15,202,3.56,95 - 94 - 13,27:08.0,2855,50 - 37,9 - 32 - 0,32.3,810 - 4820,37.66%,0%,23 - 12,50 - 2037,Buffalo,91.10%,295 - 149 - 2 - 17,80%,11 - 347,164 - 75,18 - 13,http://www.cfbstats.com/2014/team/86
41.79,224 - 89,9 - 100 - 1,6.27,126 - 139 - 31,13 - 6,3557,21 - 234 - 1,53 - 46,64.30%,17.69,76 - 3176,566 - 2553 - 22,0 - 0,5.19,48 - 46,32.4,48 - 849 - 0,74.55%,23 - 17,14 - 9,615 - 2827 - 24,-,47.06%,59 - 546,530 - 299 - 21 - 25,156.17,4.51,86.79%,37.45%,1018 - 6384,4.6,113.71,0 - 0,28:42.9,14 - 371,296,59.26%,109 - 905,95.80%,58 - 55,9.82,27 - 16,279,8.09,127 - 138 - 14,31:17.1,3132,55 - 41,23 - 186 - 1,26.5,1096 - 5685,39.73%,-,34 - 16,85 - 3432,Fresno State,94.80%,403 - 243 - 9 - 32,73.90%,14 - 454,243 - 91,22 - 11,http://www.cfbstats.com/2014/team/96
38.43,186 - 78,12 - 60 - 0,6.27,99 - 188 - 32,20 - 10,4406,10 - 126 - 0,62 - 51,64.70%,20.29,56 - 2152,440 - 1790 - 22,1-Apr,6.09,57 - 56,39.8,49 - 994 - 0,88.24%,19 - 13,17 - 11,436 - 1735 - 19,25%,67.86%,107 - 987,535 - 329 - 10 - 37,154.54,4.07,82.26%,46.07%,980 - 6141,3.98,145.77,Feb-00,29:57.9,12 - 459,319,74.07%,96 - 973,98.20%,60 - 60,7.61,27 - 20,332,11.43,95 - 203 - 34,30:02.1,4152,51 - 45,7 - 80 - 1,38.3,975 - 5942,41.94%,0%,28 - 19,56 - 2233,California,100%,544 - 356 - 12 - 42,68.40%,12 - 477,191 - 88,13 - 5,http://www.cfbstats.com/2014/team/107
44.83,209 - 83,11 - 231 - 3,5.17,144 - 142 - 18,22 - 10,3258,6 - 131 - 3,45 - 38,81.80%,21.53,77 - 3452,557 - 2724 - 26,2-Jun,6.13,48 - 47,28.1,30 - 646 - 1,94.12%,20 - 17,22 - 18,505 - 1923 - 19,33.33%,56.25%,104 - 979,435 - 298 - 6 - 24,126.81,4.89,84.44%,43.07%,1002 - 5181,3.81,148.81,2-Apr,29:09.9,13 - 435,304,68.18%,74 - 664,97.90%,41 - 40,9.05,22 - 15,295,4.8,111 - 151 - 33,30:50.1,3358,51 - 48,15 - 72 - 0,33.5,992 - 6082,39.71%,50%,16 - 9,70 - 2802,UCLA,97.60%,497 - 306 - 11 - 22,85%,13 - 365,202 - 87,5-Dec,http://www.cfbstats.com/2014/team/110
40.61,194 - 72,18 - 115 - 0,4.47,110 - 125 - 31,23 - 14,2525,15 - 180 - 0,42 - 30,72.40%,21.11,77 - 3127,526 - 1661 - 19,1-Mar,5.01,40 - 40,19.2,56 - 1182 - 0,80.36%,20 - 16,29 - 21,428 - 1356 - 10,33.33%,52%,76 - 711,416 - 233 - 15 - 23,107.76,3.16,71.43%,41.46%,869 - 3881,3.17,128.82,0 - 0,31:37.5,13 - 365,266,28.57%,114 - 1037,100%,29 - 27,8.75,21 - 6,225,6.65,97 - 103 - 25,28:22.5,3059,56 - 45,20 - 133 - 1,28.1,942 - 4720,37.11%,-,25 - 13,56 - 2131,UCF,93.10%,441 - 243 - 18 - 17,80%,13 - 249,205 - 85,22 - 10,http://www.cfbstats.com/2014/team/128
38.79,177 - 71,14 - 94 - 1,5.44,117 - 148 - 22,22 - 14,3023,13 - 153 - 0,47 - 38,72.70%,21.7,58 - 2250,504 - 2018 - 19,1-Feb,5.84,45 - 42,25.2,43 - 933 - 0,80.77%,22 - 15,8-Nov,426 - 1598 - 15,50%,43.75%,70 - 604,382 - 243 - 13 - 27,131,4,80.85%,43.83%,849 - 4621,3.75,149.54,2-Feb,33:24.8,13 - 350,287,50%,71 - 621,93.30%,38 - 36,4.17,20 - 10,248,13.17,87 - 138 - 23,26:35.2,3157,52 - 42,12 - 158 - 0,26.9,886 - 5175,40.11%,100%,16 - 7,57 - 2076,Central Michigan,94.70%,423 - 249 - 14 - 24,68.20%,13 - 327,162 - 71,19 - 8,http://www.cfbstats.com/2014/team/129
38.92,195 - 86,8 - 46 - 0,5.98,103 - 185 - 22,14 - 8,3320,14 - 142 - 1,52 - 38,80%,22.74,60 - 2335,454 - 2035 - 18,Feb-00,6.33,54 - 52,27.2,47 - 1069 - 0,90.20%,30 - 20,20 - 16,501 - 2388 - 18,0%,68.75%,59 - 542,491 - 294 - 14 - 35,134.69,4.48,73.08%,41.24%,955 - 5708,4.77,145.23,Feb-00,28:42.8,13 - 442,310,41.18%,77 - 746,96.30%,40 - 40,5.64,17 - 7,287,4.92,132 - 142 - 13,31:17.1,3947,51 - 46,13 - 64 - 0,34,945 - 5982,44.10%,0%,16 - 11,64 - 2481,Cincinnati,100%,454 - 276 - 8 - 22,66.70%,13 - 354,177 - 73,23 - 16,http://www.cfbstats.com/2014/team/140
43.62,197 - 54,12 - 213 - 2,4.03,105 - 145 - 17,14 - 6,2046,12 - 198 - 2,27 - 20,75%,19.9,105 - 4580,539 - 1904 - 20,0 - 0,5.36,48 - 46,16.7,41 - 816 - 1,73.08%,15 - 11,28 - 21,453 - 1344 - 11,-,35.71%,52 - 450,451 - 292 - 12 - 23,98.31,3.53,74.07%,41.70%,841 - 3390,2.97,139.66,Feb-00,31:23.3,13 - 401,267,33.33%,79 - 601,95.80%,24 - 22,5.69,15 - 5,185,6.44,86 - 81 - 18,28:36.7,3404,52 - 38,27 - 174 - 0,30.8,990 - 5308,27.41%,0%,14 - 5,78 - 3306,Clemson,91.70%,388 - 194 - 12 - 12,73.30%,13 - 217,223 - 93,24 - 12,http://www.cfbstats.com/2014/team/147
41.99,200 - 84,13 - 128 - 0,5.74,105 - 176 - 18,24 - 10,2915,7 - 64 - 0,50 - 43,60%,20.79,71 - 2981,435 - 2071 - 24,0 - 0,7.09,58 - 57,25.1,42 - 873 - 0,84%,20 - 13,20 - 12,529 - 2610 - 27,-,35.71%,72 - 713,447 - 286 - 7 - 34,116.19,4.76,86%,48.85%,962 - 5525,4.93,164.52,0 - 0,29:09.8,13 - 441,299,58.82%,59 - 560,98.30%,41 - 39,3.91,17 - 10,293,7,131 - 138 - 24,30:50.2,4181,50 - 42,25 - 175 - 0,33.9,882 - 6252,42%,-,14 - 5,51 - 2235,Colorado State,95.10%,433 - 238 - 13 - 14,65%,13 - 326,174 - 85,16 - 6,http://www.cfbstats.com/2014/team/156
43.52,175 - 70,3/28/2000,6.55,101 - 159 - 36,6-Dec,3074,15 - 280 - 2,56 - 50,76.20%,21.43,64 - 2785,451 - 1855 - 13,0 - 0,5.29,42 - 42,39,28 - 600 - 0,88.89%,19 - 18,21 - 16,437 - 2458 - 21,-,48.28%,86 - 822,545 - 348 - 15 - 29,149.93,4.11,89.29%,40.10%,845 - 5532,5.62,128.54,Apr-00,32:34.8,12 - 342,296,53.85%,86 - 819,100%,55 - 54,6.5,13 - 7,271,10.65,108 - 131 - 32,27:25.2,3415,45 - 40,23 - 245 - 1,28.5,996 - 5270,40%,0%,29 - 14,65 - 2869,Colorado,98.20%,408 - 244 - 3 - 35,94.70%,12 - 468,202 - 81,14 - 8,http://www.cfbstats.com/2014/team/157
38.74,187 - 74,8 - 174 - 1,5.22,69 - 87 - 22,19 - 16,2505,12 - 279 - 3,46 - 39,64.30%,15.49,66 - 2557,396 - 1283 - 8,1-Jan,4.5,22 - 19,29.8,37 - 573 - 0,58.33%,19 - 13,14 - 9,482 - 2038 - 18,100%,57.14%,74 - 708,340 - 185 - 12 - 12,126.67,3.24,84.78%,30.49%,871 - 4543,4.23,109.2,1-Jan,28:24.7,12 - 186,178,57.89%,85 - 828,86.40%,44 - 43,6.75,19 - 11,243,4.61,110 - 110 - 23,31:35.3,2032,24 - 14,23 - 106 - 0,15.5,736 - 3315,39.57%,100%,14 - 8,80 - 3078,Connecticut,97.70%,389 - 229 - 8 - 21,68.40%,12 - 358,164 - 50,16 - 7,http://www.cfbstats.com/2014/team/164
41.32,186 - 64,11 - 159 - 2,5.28,133 - 130 - 23,22 - 7,2688,8 - 89 - 0,51 - 45,90.50%,23.25,63 - 2603,492 - 2364 - 24,Jan-00,5.38,50 - 50,21.8,51 - 1186 - 0,87.50%,22 - 17,21 - 19,564 - 2508 - 19,0%,55.17%,64 - 503,471 - 268 - 8 - 23,115.19,4.8,88.24%,41.79%,985 - 5196,4.45,119.8,Apr-00,29:06.8,13 - 421,286,29.03%,89 - 785,100%,30 - 28,13.54,31 - 9,285,2.06,152 - 118 - 15,30:48.6,2814,56 - 49,16 - 33 - 0,32.4,963 - 5178,34.41%,0%,29 - 16,59 - 2537,Duke,93.30%,421 - 235 - 11 - 14,77.30%,13 - 283,201 - 84,22 - 10,http://www.cfbstats.com/2014/team/193
40.18,202 - 69,14 - 132 - 2,5.1,107 - 238 - 33,22 - 12,3322,11 - 97 - 1,39 - 33,58.30%,22.46,79 - 3174,433 - 2094 - 28,Feb-00,6.48,59 - 58,25.8,56 - 1258 - 0,83.78%,24 - 17,24 - 14,437 - 1453 - 16,0%,45.83%,109 - 1004,637 - 402 - 11 - 31,120.21,4.84,84.62%,46.91%,937 - 4775,3.32,139.48,1-Mar,29:42.8,13 - 466,378,63.64%,92 - 835,98.30%,37 - 37,4.62,22 - 14,262,7.5,79 - 149 - 34,30:17.1,4835,74 - 62,22 - 165 - 1,35.8,1070 - 6929,34.16%,33.33%,24 - 11,51 - 2170,East Carolina,100%,500 - 284 - 14 - 20,70.80%,13 - 336,194 - 91,15 - 5,http://www.cfbstats.com/2014/team/196
39.37,186 - 88,6/3/2000,6.75,98 - 79 - 12,29 - 19,3298,11 - 106 - 1,59 - 45,66.70%,25.31,49 - 1929,459 - 1654 - 9,Jan-00,4.46,22 - 20,40.9,16 - 405 - 1,70.37%,20 - 13,8-Dec,513 - 2687 - 34,0%,41.67%,69 - 598,320 - 167 - 11 - 13,160.72,3.6,76.27%,35.20%,887 - 5985,5.24,106.52,0 - 0,26:31.3,12 - 182,189,50%,79 - 695,90.90%,65 - 62,7,24 - 12,279,13.17,130 - 132 - 17,33:28.7,1821,27 - 19,24 - 316 - 1,15.2,779 - 3475,47.31%,-,5-Dec,84 - 3457,Eastern Michigan,95.40%,374 - 247 - 6 - 27,65%,12 - 491,179 - 63,14 - 6,http://www.cfbstats.com/2014/team/204
42.4,174 - 81,8 - 111 - 2,6.23,100 - 108 - 12,19 - 13,2864,5 - 46 - 0,51 - 42,70%,22.64,55 - 2332,443 - 1963 - 14,0 - 0,5.39,35 - 34,34.4,36 - 815 - 0,75%,16 - 14,20 - 14,483 - 2665 - 34,-,61.11%,51 - 474,365 - 206 - 5 - 18,129.2,4.43,82.35%,38.46%,887 - 5529,5.52,125.08,0 - 0,29:20.6,12 - 288,220,62.50%,69 - 589,97.10%,53 - 53,14.43,16 - 10,274,8.88,133 - 124 - 17,30:00.0,2394,44 - 33,25 - 222 - 0,24,808 - 4357,46.55%,-,18 - 11,69 - 2931,Florida Atlantic,100%,404 - 238 - 8 - 18,87.50%,12 - 413,182 - 70,7-Dec,http://www.cfbstats.com/2014/team/229
42.57,170 - 61,14 - 325 - 5,5.38,100 - 82 - 14,24 - 12,2440,10 - 104 - 2,39 - 27,71.40%,20.08,65 - 2767,488 - 1502 - 11,1-Mar,4.33,30 - 29,24.8,48 - 964 - 0,81.82%,17 - 12,21 - 15,474 - 1925 - 18,33.33%,45.45%,84 - 673,324 - 171 - 10 - 15,122.51,3.08,69.23%,31.89%,812 - 4365,4.06,114.15,0 - 0,30:29.7,12 - 276,196,52.94%,68 - 583,96.70%,37 - 36,18.19,17 - 9,216,7.3,101 - 97 - 18,29:30.3,2016,33 - 27,33 - 241 - 0,23,812 - 3518,35.88%,-,5-Nov,82 - 3211,Florida International,97.30%,338 - 181 - 14 - 17,70.60%,12 - 298,185 - 59,25 - 19,http://www.cfbstats.com/2014/team/231
42.38,212 - 93,14 - 156 - 2,5.51,111 - 187 - 24,23 - 12,3175,20 - 132 - 0,52 - 39,90%,18.8,64 - 2712,451 - 1933 - 27,0 - 0,6.39,55 - 55,25.6,45 - 846 - 0,91.53%,25 - 18,30 - 27,573 - 2382 - 21,-,0%,88 - 683,516 - 330 - 20 - 26,128.57,4.29,75%,45.45%,1008 - 5557,4.16,141.95,1-Feb,28:56.6,14 - 472,322,30.43%,76 - 670,100%,42 - 38,10.53,23 - 7,295,7.08,146 - 131 - 18,31:03.4,4246,59 - 54,13 - 92 - 0,33.7,967 - 6179,43.87%,50%,Jun-00,48 - 1966,Florida State,90.50%,435 - 248 - 14 - 22,72%,14 - 358,176 - 80,23 - 12,http://www.cfbstats.com/2014/team/234
41.42,197 - 76,16 - 138 - 2,4.55,111 - 86 - 13,19 - 10,2563,14 - 280 - 2,37 - 29,79.20%,22.4,76 - 3148,517 - 2252 - 22,0 - 0,5.24,43 - 42,21.1,47 - 1053 - 1,90.91%,20 - 15,24 - 19,440 - 1394 - 10,-,53.33%,80 - 710,324 - 169 - 14 - 18,107.41,4.36,78.38%,36.46%,869 - 3957,3.17,117.83,1-Feb,29:55.7,12 - 363,210,31.58%,87 - 699,97.70%,27 - 26,12.04,19 - 6,216,8.76,78 - 114 - 24,30:04.3,2159,44 - 40,25 - 219 - 1,30.3,841 - 4411,38.58%,50%,15 - 8,65 - 2832,Florida,96.30%,429 - 228 - 16 - 15,75%,12 - 253,192 - 70,29 - 14,http://www.cfbstats.com/2014/team/235
41.17,166 - 67,13 - 277 - 2,5.49,201 - 49 - 11,22 - 8,2813,4 - 73 - 0,37 - 29,71.40%,21.28,53 - 2182,641 - 4559 - 55,1-Mar,7.34,61 - 53,23.4,47 - 1000 - 0,88.14%,13 - 8,14 - 10,432 - 1844 - 19,33.33%,62.50%,57 - 550,155 - 90 - 4 - 7,123.19,7.11,78.38%,48.99%,849 - 4657,4.27,137.5,2-Apr,32:16.3,12 - 469,261,39.13%,51 - 406,86.90%,33 - 31,5.12,23 - 9,254,12.17,112 - 128 - 14,27:42.1,1286,59 - 52,6 - 73 - 0,39.1,796 - 5845,40.36%,50%,16 - 10,40 - 1531,Georgia Southern,93.90%,417 - 244 - 13 - 18,61.50%,12 - 281,149 - 73,17 - 7,http://www.cfbstats.com/2014/team/253
40.13,161 - 83,3/28/2000,6.57,84 - 138 - 22,22 - 12,2324,18 - 247 - 3,68 - 62,87.50%,20.21,38 - 1525,390 - 1156 - 13,Jan-00,5.39,35 - 35,43.3,28 - 566 - 0,82.35%,21 - 18,7-Aug,582 - 3641 - 41,0%,56.25%,66 - 514,446 - 264 - 18 - 23,149.42,2.96,91.18%,46.51%,908 - 5965,6.26,131.2,0 - 0,28:21.9,12 - 272,244,61.11%,71 - 637,100%,67 - 64,11,18 - 11,307,13.5,182 - 115 - 10,31:38.1,3348,34 - 28,16 - 216 - 0,22.7,836 - 4504,51.55%,-,16 - 9,60 - 2210,Georgia State,95.50%,326 - 222 - 3 - 23,85.70%,12 - 520,172 - 80,14 - 5,http://www.cfbstats.com/2014/team/254
39.22,169 - 77,18 - 328 - 5,6.32,259 - 78 - 13,20 - 12,3412,6/27/2000,53 - 42,61.10%,22.64,41 - 1608,790 - 4789 - 47,Jun-00,6.72,66 - 65,25.7,33 - 747 - 0,80.82%,21 - 18,18 - 11,463 - 2346 - 24,0%,70.59%,69 - 576,203 - 106 - 6 - 19,132.88,6.06,79.25%,57.89%,911 - 5758,5.07,155.08,2-Apr,34:09.4,14 - 530,350,54.55%,75 - 616,98.50%,40 - 38,8.08,22 - 12,300,6.56,125 - 160 - 15,25:50.6,1882,73 - 59,16 - 105 - 0,37.9,993 - 6671,45.56%,50%,17 - 12,32 - 1285,Georgia Tech,95%,448 - 282 - 18 - 19,85.70%,14 - 360,171 - 99,20 - 11,http://www.cfbstats.com/2014/team/255
41.34,191 - 75,16 - 166 - 1,4.84,154 - 126 - 18,21 - 7,2215,6 - 41 - 0,40 - 31,76.20%,19.25,74 - 3059,555 - 3352 - 38,1-Feb,6.79,68 - 67,20.7,64 - 1232 - 0,85.07%,7-Nov,21 - 16,526 - 2169 - 23,50%,80%,65 - 527,322 - 217 - 6 - 24,105.8,6.04,77.50%,49.39%,905 - 4384,4.12,156.05,1-Apr,29:16.2,13 - 537,298,63.16%,67 - 587,98.50%,32 - 30,10.48,19 - 12,252,4.7,133 - 100 - 19,30:43.8,2599,67 - 57,10 - 47 - 0,41.3,877 - 5951,39.27%,25%,15 - 12,43 - 1630,Georgia,93.80%,379 - 204 - 16 - 13,63.60%,13 - 269,164 - 81,25 - 13,http://www.cfbstats.com/2014/team/257
41.06,207 - 81,11 - 139 - 0,5.67,110 - 119 - 25,19 - 13,3196,14 - 136 - 0,51 - 40,78.30%,27.5,82 - 3367,524 - 1943 - 15,1-Mar,4.77,28 - 28,26.8,28 - 770 - 0,82.98%,15 - 7,23 - 18,537 - 2240 - 19,33.33%,70.37%,80 - 640,469 - 231 - 14 - 15,136.63,3.71,78.43%,33.33%,958 - 5436,4.17,103.87,0 - 0,28:47.4,13 - 272,254,57.14%,83 - 698,100%,47 - 46,8.81,21 - 12,273,1.61,129 - 125 - 19,31:12.6,2794,47 - 39,18 - 29 - 0,20.9,993 - 4737,39.13%,-,27 - 19,86 - 3554,Hawai'i,97.90%,421 - 243 - 11 - 26,46.70%,13 - 349,231 - 77,22 - 9,http://www.cfbstats.com/2014/team/277
40.65,194 - 75,19 - 286 - 1,4.88,130 - 123 - 33,16 - 7,2601,15 - 108 - 0,44 - 38,69.60%,21.48,69 - 2805,495 - 2390 - 28,1-Jan,5.7,48 - 43,20.6,52 - 1117 - 0,75.44%,18 - 11,23 - 16,503 - 1863 - 18,100%,52.17%,84 - 771,450 - 272 - 15 - 18,111.66,4.83,86.36%,40.51%,915 - 4464,3.7,122.84,0 - 0,29:37.9,13 - 387,286,36.84%,104 - 982,89.60%,33 - 33,5.67,19 - 7,248,4.5,114 - 114 - 20,30:22.1,2993,57 - 43,22 - 99 - 0,29.8,945 - 5383,38.66%,-,23 - 12,56 - 2241,Houston,100%,412 - 230 - 19 - 15,61.10%,13 - 268,195 - 79,24 - 11,http://www.cfbstats.com/2014/team/288
39.37,148 - 67,8 - 46 - 0,6.93,98 - 134 - 26,8-Dec,2382,20 - 274 - 3,40 - 34,57.90%,21.39,43 - 1693,439 - 1561 - 22,1-Jun,5.21,29 - 28,37.3,38 - 813 - 0,72%,18 - 12,19 - 11,482 - 2708 - 32,16.67%,57.14%,75 - 727,442 - 257 - 20 - 13,159.72,3.56,85%,41.67%,734 - 5090,5.62,116.41,Jan-00,31:19.2,11 - 275,258,50%,78 - 660,96.60%,53 - 50,6.15,6-Dec,225,8.6,116 - 91 - 18,28:40.3,3031,50 - 36,15 - 129 - 0,25,881 - 4592,45.27%,0%,35 - 20,44 - 2101,Idaho,94.30%,252 - 159 - 8 - 18,66.70%,11 - 410,180 - 75,9-Dec,http://www.cfbstats.com/2014/team/295
39.14,203 - 85,7 - 203 - 3,6.01,84 - 135 - 29,17 - 10,2824,12 - 272 - 2,50 - 45,52.90%,23.3,63 - 2466,413 - 1527 - 16,Mar-00,5.41,42 - 38,34,27 - 629 - 1,74%,21 - 15,17 - 9,617 - 3109 - 31,0%,38.46%,79 - 669,470 - 287 - 12 - 25,136.01,3.7,90%,35.83%,987 - 5933,5.04,131.54,3-Mar,27:42.8,13 - 337,248,53.85%,70 - 595,90.50%,53 - 53,9.1,26 - 14,292,7.91,152 - 117 - 23,32:17.2,3247,50 - 37,22 - 174 - 0,25.9,883 - 4774,41.87%,100%,13 - 5,78 - 3422,Illinois,100%,370 - 214 - 7 - 20,71.40%,13 - 442,187 - 67,21 - 12,http://www.cfbstats.com/2014/team/301
39.52,183 - 66,13 - 110 - 1,5.85,134 - 73 - 19,20 - 10,3013,9 - 147 - 1,45 - 43,63.60%,22.92,67 - 2648,539 - 3163 - 29,1-Feb,5.7,35 - 35,32.8,24 - 550 - 0,82.35%,26 - 20,22 - 14,450 - 2192 - 22,50%,35%,78 - 728,313 - 168 - 9 - 7,131.2,5.87,95.56%,30.22%,890 - 5205,4.87,100.84,Jan-00,28:19.7,12 - 301,226,75%,56 - 494,100%,47 - 46,5.18,16 - 12,268,10.83,110 - 135 - 23,31:40.3,1697,34 - 28,18 - 195 - 1,25.1,852 - 4860,36.07%,0%,20 - 7,77 - 3133,Indiana,97.90%,440 - 271 - 13 - 24,76.90%,12 - 394,182 - 55,4-Sep,http://www.cfbstats.com/2014/team/306
42.98,182 - 84,10 - 65 - 0,6.53,92 - 141 - 23,13 - 5,3392,11 - 148 - 2,60 - 53,78.60%,17.95,49 - 2106,402 - 1489 - 12,0 - 0,4.9,35 - 35,38.8,40 - 718 - 1,81.40%,23 - 21,14 - 11,521 - 2955 - 35,-,31.58%,51 - 490,510 - 282 - 11 - 21,135.47,3.7,88.33%,42.29%,972 - 6347,5.67,113.67,Feb-00,28:30.7,12 - 278,256,59.09%,79 - 663,100%,56 - 55,11.14,22 - 13,328,3.72,156 - 150 - 22,31:29.2,2981,43 - 35,18 - 67 - 0,23.2,912 - 4470,46.15%,0%,19 - 6,76 - 2929,Iowa State,98.20%,451 - 280 - 10 - 20,91.30%,12 - 466,201 - 85,6-Oct,http://www.cfbstats.com/2014/team/311
39.09,190 - 70,13 - 169 - 2,5.28,123 - 130 - 27,21 - 15,2287,7 - 140 - 2,37 - 33,70.60%,14.8,79 - 3088,514 - 2120 - 22,1-Feb,5.47,45 - 45,25.6,25 - 370 - 0,78.57%,21 - 16,17 - 12,495 - 2188 - 19,50%,60.87%,46 - 384,437 - 265 - 7 - 21,117.75,4.12,89.19%,44.78%,847 - 4475,4.42,132.52,1-Jan,31:26.0,13 - 367,280,66.67%,83 - 775,100%,39 - 37,5.13,8-Dec,219,15.13,106 - 101 - 12,28:34.0,3081,56 - 44,15 - 227 - 1,28.2,951 - 5201,36.84%,100%,23 - 14,65 - 2459,Iowa,94.90%,352 - 189 - 13 - 18,76.20%,13 - 333,201 - 90,3-Nov,http://www.cfbstats.com/2014/team/312
40.09,178 - 76,15 - 42 - 1,5.46,104 - 162 - 28,5-Dec,2977,8 - 115 - 1,39 - 31,79.30%,17.97,68 - 2726,476 - 1745 - 30,1-Mar,6.15,54 - 52,23.2,60 - 1078 - 0,90.32%,14 - 11,29 - 23,440 - 1824 - 17,33.33%,68.75%,57 - 511,415 - 271 - 8 - 23,127.35,3.67,79.49%,45.93%,879 - 4801,4.15,155.35,Feb-00,32:43.9,13 - 465,294,42.86%,87 - 783,96.30%,37 - 34,18,14 - 6,262,11.09,98 - 153 - 11,27:16.1,3736,62 - 56,11 - 122 - 1,35.8,891 - 5481,42.70%,0%,16 - 11,48 - 1914,Kansas State,91.90%,439 - 273 - 15 - 20,78.60%,13 - 301,172 - 79,14 - 6,http://www.cfbstats.com/2014/team/327
40.82,183 - 76,9 - 168 - 0,6.29,81 - 104 - 12,24 - 5,2922,13 - 135 - 0,48 - 36,60%,26.9,56 - 2286,466 - 1454 - 11,0 - 0,4.62,27 - 25,33.3,30 - 807 - 2,77.42%,28 - 24,15 - 9,466 - 2516 - 22,-,20%,76 - 669,376 - 204 - 13 - 14,133.6,3.12,75%,34.33%,865 - 5438,5.4,114.04,0 - 0,30:15.9,12 - 214,197,65%,71 - 536,92.60%,47 - 45,12.43,20 - 13,263,8.16,116 - 123 - 24,29:44.1,2435,31 - 24,32 - 261 - 1,17.8,842 - 3889,41.53%,-,20 - 4,84 - 3694,Kansas,95.70%,399 - 233 - 9 - 22,85.70%,12 - 399,201 - 69,21 - 12,http://www.cfbstats.com/2014/team/328
41.28,169 - 77,8 - 87 - 0,5.75,49 - 126 - 23,4-Dec,2379,17 - 148 - 2,46 - 39,55.60%,22,54 - 2229,277 - 900 - 6,1-Apr,4.83,18 - 16,29,30 - 660 - 0,71.88%,18 - 15,18 - 10,492 - 2354 - 19,25%,64.29%,65 - 574,442 - 244 - 17 - 16,130.29,3.25,84.78%,30.26%,823 - 4733,4.78,108.3,0 - 0,29:03.1,11 - 180,198,38.46%,77 - 661,88.90%,39 - 38,6.2,13 - 5,241,8.81,115 - 100 - 26,30:56.9,2570,32 - 23,21 - 185 - 0,16.4,719 - 3470,45.56%,-,14 - 9,69 - 2966,Kent State,97.40%,331 - 188 - 8 - 18,83.30%,11 - 319,152 - 46,18 - 9,http://www.cfbstats.com/2014/team/331
41.67,181 - 79,15 - 309 - 4,5.5,105 - 108 - 18,20 - 4,2589,11 - 180 - 2,44 - 41,77.80%,22.51,63 - 2625,444 - 1838 - 21,0 - 0,5.43,41 - 41,31.3,39 - 878 - 2,87.18%,20 - 14,27 - 21,511 - 2294 - 20,-,41.67%,66 - 604,405 - 228 - 11 - 14,126.54,4.14,93.18%,33.88%,888 - 4883,4.49,119.81,Jan-00,28:40.4,12 - 350,231,64.29%,58 - 499,100%,46 - 45,6.85,14 - 9,270,12.65,127 - 125 - 18,31:19.1,2774,39 - 34,20 - 253 - 2,29.2,849 - 4612,43.65%,0%,24 - 10,66 - 2810,Kentucky,97.80%,377 - 217 - 15 - 22,70%,12 - 375,183 - 62,24 - 8,http://www.cfbstats.com/2014/team/334
41.5,197 - 71,10 - 83 - 1,4.87,158 - 85 - 19,23 - 8,2134,9/23/2000,32 - 25,68.40%,19.62,90 - 3735,621 - 2919 - 25,2-Apr,5.62,42 - 40,17.5,29 - 569 - 0,78.72%,15 - 13,19 - 13,460 - 1985 - 16,50%,56.25%,71 - 595,276 - 138 - 9 - 17,101.63,4.7,78.13%,39.89%,845 - 4119,4.32,128.26,0 - 0,33:08.2,13 - 359,262,46.67%,57 - 510,95.20%,27 - 27,10.77,15 - 7,202,9.14,100 - 89 - 13,26:51.8,2118,47 - 37,21 - 192 - 1,27.6,897 - 5037,36.04%,-,16 - 9,71 - 3189,LSU,100%,385 - 199 - 10 - 10,86.70%,13 - 228,178 - 71,18 - 10,http://www.cfbstats.com/2014/team/365
39.89,219 - 76,26 - 343 - 2,4.94,104 - 146 - 30,26 - 13,3420,13 - 75 - 0,48 - 41,63%,21.87,72 - 2872,490 - 2080 - 32,Jan-00,5.86,67 - 64,24.7,76 - 1662 - 1,89.09%,29 - 21,27 - 17,500 - 1655 - 19,0%,66.67%,69 - 555,467 - 270 - 13 - 30,115.9,4.24,85.42%,39.90%,1028 - 5075,3.31,136.96,Jan-00,29:40.5,14 - 523,280,68%,88 - 842,95.50%,38 - 37,8.29,25 - 17,279,10.4,103 - 162 - 14,31:23.8,3531,55 - 49,20 - 208 - 1,37.4,957 - 5611,34.70%,0%,8-Dec,68 - 2528,Louisiana Tech,97.40%,528 - 314 - 26 - 19,72.40%,14 - 346,198 - 79,27 - 16,http://www.cfbstats.com/2014/team/366
42.13,195 - 62,26 - 310 - 1,4.75,116 - 133 - 16,25 - 16,2595,10 - 117 - 1,39 - 30,78.90%,22.6,79 - 3328,511 - 1855 - 28,Jan-00,5.46,50 - 50,21.8,45 - 1017 - 0,82.76%,26 - 23,19 - 15,435 - 1416 - 12,0%,52.38%,90 - 641,428 - 237 - 10 - 21,105.65,3.63,76.92%,39.20%,845 - 4011,3.26,131.18,1-Mar,32:31.6,13 - 405,265,25%,65 - 554,100%,28 - 26,7.41,16 - 4,199,9.71,74 - 110 - 15,27:28.4,3276,58 - 48,31 - 301 - 1,31.2,939 - 5131,31.79%,33.33%,21 - 11,73 - 2909,Louisville,92.90%,410 - 221 - 26 - 14,88.50%,13 - 283,199 - 78,4-Nov,http://www.cfbstats.com/2014/team/367
38.92,220 - 68,13 - 173 - 1,4.73,161 - 183 - 22,21 - 11,2756,13 - 109 - 0,51 - 39,81%,21.11,93 - 3620,559 - 3807 - 40,Jan-00,7.59,83 - 83,21,56 - 1182 - 0,84.51%,20 - 15,21 - 17,590 - 2243 - 15,0%,50%,119 - 1124,473 - 279 - 13 - 40,113.48,6.81,76.47%,51.63%,1056 - 4999,3.8,152.83,1-Mar,28:33.0,14 - 638,366,24%,85 - 819,100%,33 - 31,8.25,25 - 6,301,10.75,138 - 127 - 36,31:27.0,4022,71 - 60,12 - 129 - 0,45.6,1032 - 7829,30.91%,33.33%,20 - 10,43 - 1859,Marshall,93.90%,466 - 254 - 13 - 21,75%,14 - 294,184 - 95,23 - 9,http://www.cfbstats.com/2014/team/388
39.6,224 - 90,9 - 172 - 2,5.45,88 - 119 - 20,18 - 8,3046,14 - 140 - 2,60 - 50,94.70%,22.87,67 - 2653,428 - 1584 - 21,1-Jan,5.26,44 - 44,30.2,45 - 1029 - 0,91.43%,31 - 23,19 - 18,584 - 2625 - 24,100%,53.85%,77 - 677,418 - 228 - 14 - 19,121.39,3.7,83.33%,32.43%,1040 - 5671,4.49,120.38,Jan-00,26:56.1,13 - 370,227,48.15%,82 - 686,100%,45 - 45,12.45,27 - 13,291,10.48,138 - 131 - 22,32:59.2,2863,35 - 32,31 - 325 - 0,28.5,846 - 4447,40.18%,0%,13 - 7,86 - 3487,Maryland,100%,456 - 253 - 9 - 19,74.20%,13 - 392,185 - 60,21 - 13,http://www.cfbstats.com/2014/team/392
41.05,185 - 77,12 - 184 - 1,5.75,79 - 156 - 32,19 - 10,3069,13 - 179 - 0,48 - 41,54.50%,19.65,56 - 2299,387 - 1312 - 16,1-Jan,5.75,44 - 38,33,52 - 1022 - 0,70.37%,19 - 14,6-Nov,492 - 2301 - 23,100%,52.78%,73 - 617,492 - 269 - 13 - 27,133.16,3.39,85.42%,35.80%,934 - 5370,4.68,131.38,1-Mar,27:15.8,12 - 328,267,54.17%,95 - 908,86.40%,48 - 46,5.5,24 - 13,281,6.19,118 - 138 - 25,32:44.2,3741,54 - 38,16 - 99 - 1,27.3,879 - 5053,41.62%,33.33%,36 - 19,58 - 2150,Massachusetts,95.80%,442 - 269 - 12 - 26,73.70%,12 - 396,176 - 63,14 - 5,http://www.cfbstats.com/2014/team/400
38.11,215 - 76,17 - 170 - 3,4.74,118 - 149 - 27,22 - 11,2964,9 - 217 - 1,32 - 22,65.60%,18.12,99 - 3773,594 - 2476 - 31,0 - 0,5.49,58 - 58,19.5,33 - 598 - 0,93.33%,19 - 10,32 - 21,465 - 1580 - 16,-,71.43%,81 - 770,418 - 262 - 9 - 23,106.31,4.17,68.75%,36.54%,959 - 4544,3.4,138.35,1-Feb,30:07.1,13 - 471,294,64.29%,85 - 831,100%,30 - 29,8.83,14 - 9,245,2.77,82 - 140 - 23,29:52.9,3076,60 - 56,13 - 36 - 0,36.2,1012 - 5552,35.35%,50%,14 - 10,74 - 2866,Memphis,96.70%,494 - 264 - 17 - 14,52.60%,13 - 253,208 - 76,29 - 14,http://www.cfbstats.com/2014/team/404
41.47,151 - 64,11 - 59 - 1,6.03,74 - 148 - 24,19 - 10,2812,10 - 172 - 1,57 - 48,69.20%,19.82,49 - 2032,358 - 1171 - 11,Mar-00,5.45,32 - 31,31.8,45 - 892 - 2,72.50%,15 - 12,13 - 9,472 - 2399 - 24,0%,34.78%,95 - 739,468 - 226 - 10 - 23,135.74,3.27,84.21%,33.73%,864 - 5211,5.08,120.06,Feb-00,29:07.2,12 - 268,246,53.33%,66 - 621,96.90%,48 - 44,7.4,15 - 8,278,4.87,123 - 130 - 25,30:52.8,3333,40 - 29,23 - 112 - 0,22.3,826 - 4504,42.38%,0%,23 - 8,65 - 2606,Miami (Ohio),91.70%,392 - 242 - 11 - 23,80%,12 - 382,166 - 56,19 - 11,http://www.cfbstats.com/2014/team/414
41.48,191 - 77,10 - 93 - 1,4.79,114 - 127 - 17,19 - 12,2503,12 - 125 - 0,46 - 38,75%,24.57,66 - 2738,446 - 2345 - 19,1-Mar,6.68,44 - 40,24.3,51 - 1253 - 1,78.72%,19 - 13,24 - 18,498 - 1782 - 21,33.33%,60.87%,93 - 827,391 - 227 - 12 - 26,117.24,5.26,82.61%,36.81%,895 - 4285,3.58,143.67,Jan-00,29:16.5,13 - 380,258,50%,72 - 646,90.90%,39 - 37,6.59,22 - 11,249,6.31,111 - 109 - 29,30:38.8,3249,47 - 37,16 - 101 - 0,29.2,837 - 5594,40.31%,0%,23 - 14,52 - 2227,Miami (Florida),94.90%,397 - 229 - 10 - 14,68.40%,13 - 316,163 - 60,28 - 13,http://www.cfbstats.com/2014/team/415
40.18,182 - 57,18 - 128 - 3,5.09,153 - 154 - 14,13 - 6,2955,9 - 128 - 0,30 - 26,63.60%,22.43,77 - 3094,594 - 3057 - 44,Jan-00,6.55,73 - 73,21.5,51 - 1144 - 0,86.76%,15 - 9,22 - 14,363 - 1150 - 18,0%,52.94%,80 - 754,400 - 236 - 9 - 26,113.13,5.15,86.67%,49.74%,807 - 4105,3.17,148.47,3-May,35:21.2,13 - 559,321,47.62%,73 - 581,100%,31 - 31,5.77,21 - 10,199,10.56,67 - 112 - 20,24:38.9,3453,68 - 59,18 - 190 - 1,43,994 - 6510,31.32%,60%,17 - 9,52 - 2143,Michigan State,100%,444 - 234 - 18 - 17,60%,13 - 280,195 - 97,22 - 16,http://www.cfbstats.com/2014/team/416
38.89,179 - 68,5/13/2001,4.77,101 - 104 - 17,15 - 8,2324,18 - 322 - 2,41 - 34,71.40%,21.38,65 - 2528,425 - 1954 - 17,1-Jan,5.32,28 - 28,22.4,29 - 620 - 0,89.19%,22 - 18,21 - 15,440 - 1412 - 13,100%,38.46%,42 - 381,326 - 189 - 18 - 10,127.24,4.6,82.93%,39.10%,783 - 3736,3.21,109.68,Jan-00,30:52.2,12 - 251,222,31.25%,72 - 589,100%,30 - 29,6.29,16 - 5,199,12.67,88 - 101 - 10,29:07.8,2042,37 - 33,21 - 266 - 1,20.9,751 - 3996,37.99%,0%,13 - 5,54 - 2318,Michigan,96.70%,343 - 205 - 5 - 14,81.80%,12 - 269,156 - 61,5-Sep,http://www.cfbstats.com/2014/team/418
38.55,188 - 83,13 - 58 - 0,5.85,133 - 110 - 11,20 - 11,3236,13 - 156 - 2,51 - 43,60%,20.98,58 - 2236,530 - 2566 - 31,Apr-00,5.93,46 - 46,31.5,56 - 1175 - 0,82.98%,21 - 15,15 - 9,505 - 2191 - 19,0%,56.25%,78 - 710,343 - 224 - 13 - 17,139.95,4.84,84.31%,44.38%,927 - 5427,4.34,138,Mar-00,28:46.0,12 - 379,254,44.44%,70 - 634,100%,45 - 43,12.95,18 - 8,279,6.42,121 - 141 - 17,31:14.0,2610,47 - 39,19 - 122 - 0,31.6,873 - 5176,44.15%,0%,16 - 9,56 - 2248,Middle Tennessee,95.60%,422 - 259 - 13 - 26,71.40%,12 - 378,169 - 75,18 - 7,http://www.cfbstats.com/2014/team/419
39.91,184 - 75,15 - 179 - 2,5.43,148 - 76 - 14,22 - 11,2515,9 - 103 - 0,41 - 37,66.70%,18.87,69 - 2754,599 - 2801 - 32,Jan-00,5.45,47 - 45,24.2,30 - 566 - 0,87.50%,16 - 12,18 - 12,476 - 2271 - 18,0%,70%,69 - 605,254 - 127 - 9 - 12,118.3,4.68,90.24%,40.11%,882 - 4786,4.77,119.48,Jan-00,31:25.1,13 - 369,238,64.71%,59 - 508,95.70%,38 - 38,8.75,17 - 11,253,5.41,113 - 117 - 23,28:34.9,1844,48 - 42,22 - 119 - 0,28.4,853 - 4645,40.76%,0%,7-Oct,68 - 3025,Minnesota,100%,406 - 233 - 15 - 20,75%,13 - 314,177 - 71,29 - 15,http://www.cfbstats.com/2014/team/428
40.61,206 - 72,16 - 186 - 1,5.65,160 - 159 - 15,21 - 11,3547,12 - 36 - 0,44 - 28,75%,17.9,88 - 3574,578 - 3030 - 29,0 - 0,6.67,64 - 60,21.7,58 - 1038 - 0,81.97%,20 - 13,16 - 12,471 - 1970 - 17,-,42.86%,67 - 513,423 - 261 - 12 - 31,115.82,5.24,63.64%,45.96%,977 - 5517,4.18,152.68,Mar-00,29:37.4,13 - 480,334,40.91%,57 - 476,93.80%,32 - 31,5.96,22 - 9,268,7.21,115 - 143 - 10,30:21.5,3649,61 - 50,14 - 101 - 0,36.9,1001 - 6679,34.95%,0%,21 - 9,60 - 2574,Mississippi State,96.90%,506 - 264 - 16 - 17,65%,13 - 282,198 - 91,17 - 7,http://www.cfbstats.com/2014/team/430
43.57,197 - 65,22 - 371 - 3,4.67,97 - 149 - 19,19 - 10,2497,15 - 190 - 2,34 - 25,56.30%,21.26,89 - 3878,476 - 2021 - 21,0 - 0,6.03,49 - 47,16,42 - 893 - 0,70.73%,19 - 13,16 - 9,513 - 1780 - 9,-,45%,69 - 549,428 - 258 - 15 - 24,110.77,4.25,73.53%,39.34%,915 - 4277,3.47,139.03,0 - 0,28:14.2,13 - 368,265,53.33%,78 - 696,95.90%,23 - 23,6.36,15 - 8,239,3.47,106 - 118 - 15,31:45.9,3427,41 - 29,19 - 66 - 0,28.3,904 - 5448,32.99%,-,20 - 9,68 - 2943,Mississippi,100%,402 - 240 - 22 - 12,68.40%,13 - 208,183 - 72,18 - 10,http://www.cfbstats.com/2014/team/433
41.41,219 - 81,12 - 197 - 1,4.82,129 - 122 - 19,3-Oct,2978,13 - 116 - 0,38 - 33,72%,24.85,83 - 3437,539 - 2490 - 17,2-Mar,5.39,45 - 43,21.1,34 - 845 - 0,93.33%,18 - 14,25 - 18,531 - 1865 - 18,66.67%,81.25%,102 - 815,415 - 221 - 13 - 25,121.01,4.62,86.84%,42.86%,1005 - 4843,3.51,120.46,2-Feb,28:59.8,14 - 389,270,50%,83 - 671,95.60%,34 - 33,10.41,24 - 12,275,8.27,113 - 137 - 25,31:00.2,2648,45 - 42,22 - 182 - 0,27.8,954 - 5138,36.99%,100%,16 - 13,75 - 3086,Missouri,97.10%,474 - 288 - 12 - 18,77.80%,14 - 295,217 - 93,32 - 13,http://www.cfbstats.com/2014/team/434
41.57,194 - 95,12 - 232 - 3,6.53,128 - 158 - 25,23 - 10,3346,13 - 106 - 2,54 - 48,46.20%,17.41,61 - 2536,496 - 1968 - 26,1-May,5.56,55 - 52,39,34 - 592 - 0,83.64%,17 - 12,13 - 6,599 - 3126 - 33,20%,47.83%,99 - 821,509 - 315 - 13 - 29,150.35,3.97,88.89%,42.42%,991 - 6472,5.22,135.3,1-May,25:28.4,13 - 432,311,83.33%,80 - 646,94.50%,62 - 61,4.55,10-Dec,316,4.14,154 - 138 - 24,34:31.6,3619,55 - 46,14 - 58 - 0,33.2,1005 - 5587,48.97%,20%,23 - 11,69 - 2784,North Carolina,98.40%,392 - 230 - 12 - 31,70.60%,13 - 507,198 - 84,16 - 11,http://www.cfbstats.com/2014/team/457
38.76,194 - 58,13 - 124 - 0,5.37,149 - 115 - 25,27 - 13,2676,12 - 181 - 2,44 - 36,68.20%,21.15,90 - 3488,587 - 3123 - 35,1-Mar,6.22,60 - 60,26.4,59 - 1248 - 1,88.33%,16 - 11,22 - 15,488 - 2312 - 25,33.33%,46.15%,75 - 655,359 - 190 - 12 - 24,104.82,5.32,81.82%,41.30%,929 - 4988,4.74,132.81,0 - 0,30:16.5,13 - 491,289,50%,78 - 680,100%,44 - 44,15.9,20 - 10,246,8.94,113 - 118 - 15,29:43.5,2757,60 - 53,16 - 143 - 1,37.8,946 - 5880,29.90%,-,13 - 6,64 - 2628,Nebraska,100%,441 - 214 - 13 - 15,68.80%,13 - 343,184 - 76,20 - 10,http://www.cfbstats.com/2014/team/463
40.43,203 - 87,7 - 72 - 0,6.58,91 - 148 - 28,3-Oct,2855,22 - 225 - 1,61 - 54,62.50%,16.76,63 - 2547,466 - 1679 - 18,1-Jan,5.22,33 - 32,38.5,49 - 821 - 0,78.26%,24 - 20,24 - 15,677 - 3820 - 37,100%,51.85%,80 - 701,498 - 268 - 22 - 16,149.06,3.6,88.52%,35.19%,1014 - 6675,5.64,112.2,Jan-00,27:25.9,13 - 285,267,65.22%,84 - 812,97%,62 - 60,6.2,23 - 15,314,5.05,178 - 113 - 23,32:34.1,3357,46 - 36,21 - 106 - 0,21.9,964 - 5036,42.86%,0%,27 - 14,85 - 3452,UNLV,96.80%,337 - 194 - 7 - 25,83.30%,13 - 500,216 - 76,21 - 10,http://www.cfbstats.com/2014/team/465
40.17,195 - 80,13 - 215 - 3,5.86,137 - 122 - 15,5-Aug,3479,11 - 154 - 2,47 - 38,77.80%,19.96,59 - 2370,560 - 2671 - 27,3-Mar,5.35,45 - 43,27.2,46 - 918 - 0,92.45%,23 - 13,18 - 14,488 - 2333 - 17,100%,59.26%,73 - 646,406 - 239 - 11 - 18,135.99,4.77,80.85%,41.15%,991 - 5812,4.78,119.77,1-Feb,31:01.7,13 - 379,274,60.87%,60 - 595,95.60%,43 - 41,9.06,23 - 14,316,7.8,129 - 168 - 19,28:54.5,2498,53 - 49,25 - 195 - 0,29.2,966 - 5169,41.03%,50%,27 - 16,65 - 2815,Nevada,95.30%,503 - 332 - 13 - 26,56.50%,13 - 354,209 - 86,20 - 14,http://www.cfbstats.com/2014/team/466
41.29,158 - 70,11 - 76 - 1,6.5,108 - 134 - 14,19 - 10,2094,24 - 260 - 2,60 - 55,58.30%,22.64,52 - 2147,469 - 2152 - 19,1-Jan,5.48,38 - 37,39.1,36 - 815 - 1,82.86%,19 - 15,7-Dec,593 - 3705 - 40,100%,57.69%,57 - 407,452 - 278 - 24 - 19,131.67,4.59,91.67%,41.38%,892 - 5799,6.25,118.63,Jan-00,27:33.9,12 - 294,256,83.33%,67 - 545,97.40%,60 - 56,9.29,10-Dec,292,12.3,189 - 88 - 15,32:24.4,2899,35 - 29,23 - 283 - 2,24.5,921 - 5051,44.30%,0%,26 - 15,61 - 2312,New Mexico State,93.30%,299 - 187 - 11 - 16,78.90%,12 - 469,203 - 84,14 - 10,http://www.cfbstats.com/2014/team/472
40.98,180 - 92,11 - 151 - 1,6.82,155 - 41 - 9,25 - 12,3000,6 - 87 - 0,56 - 46,62.50%,19.3,44 - 1803,586 - 3725 - 34,1-Jan,6.52,44 - 43,35.9,23 - 444 - 0,83.33%,14 - 10,5-Aug,554 - 3228 - 40,100%,40%,52 - 498,149 - 76 - 6 - 7,141.07,6.36,82.14%,36.84%,913 - 6228,5.83,118.67,1-Mar,30:11.5,12 - 332,205,45.83%,60 - 487,97.70%,55 - 51,5,24 - 11,306,5.79,156 - 133 - 17,29:48.5,1068,30 - 25,24 - 139 - 0,27.7,735 - 4793,51.11%,33.33%,25 - 10,57 - 2384,New Mexico,92.70%,359 - 217 - 11 - 18,71.40%,12 - 431,152 - 56,19 - 8,http://www.cfbstats.com/2014/team/473
42.05,198 - 96,10 - 159 - 1,5.24,140 - 122 - 20,19 - 9,2661,6 - 204 - 2,45 - 36,70.60%,18.81,61 - 2565,508 - 2659 - 26,2-Mar,5.97,48 - 46,27,27 - 508 - 0,86.54%,21 - 15,17 - 12,521 - 2189 - 21,66.67%,50%,62 - 543,381 - 224 - 6 - 24,121.53,5.23,80%,45.76%,926 - 4850,4.2,134.9,0 - 0,29:29.5,13 - 392,282,60%,68 - 605,95.80%,43 - 42,3.65,15 - 9,269,7.75,138 - 116 - 15,30:30.5,2652,52 - 45,28 - 217 - 0,30.2,889 - 5311,48.48%,-,5-Oct,60 - 2724,North Carolina State,97.70%,405 - 226 - 10 - 19,71.40%,13 - 351,177 - 81,21 - 10,http://www.cfbstats.com/2014/team/490
40.33,173 - 66,12 - 198 - 2,5.48,106 - 86 - 21,20 - 9,2492,13 - 237 - 5,35 - 31,88.20%,16.37,69 - 2783,472 - 1838 - 21,1-Jan,4.87,39 - 39,29.8,41 - 671 - 0,94.29%,8-Oct,17 - 15,447 - 1941 - 22,100%,46.15%,63 - 603,331 - 181 - 13 - 13,128.19,3.89,88.57%,38.67%,809 - 4433,4.34,112.4,0 - 0,28:38.8,12 - 326,213,61.11%,67 - 655,100%,47 - 46,7.84,18 - 11,222,10.7,98 - 106 - 18,31:21.2,2073,35 - 33,33 - 353 - 1,27.2,803 - 3911,38.15%,-,13 - 6,73 - 3156,North Texas,97.90%,362 - 216 - 12 - 19,80%,12 - 358,181 - 70,20 - 10,http://www.cfbstats.com/2014/team/497
41.58,178 - 58,11 - 103 - 1,5.31,58 - 147 - 16,20 - 10,2279,7 - 103 - 2,42 - 35,83.30%,21.64,74 - 3077,363 - 834 - 9,Mar-00,4.7,23 - 23,26.3,22 - 476 - 0,85.29%,15 - 10,24 - 20,507 - 2200 - 22,0%,50%,53 - 425,529 - 317 - 7 - 15,124.11,2.3,83.33%,34.50%,844 - 4479,4.34,119.97,1-Feb,29:52.7,12 - 241,221,54.17%,75 - 682,100%,39 - 37,10.07,24 - 13,227,8.87,118 - 94 - 15,30:06.8,3359,34 - 29,30 - 266 - 1,20.1,892 - 4193,32.58%,50%,22 - 11,78 - 3232,Louisiana-Monroe,94.90%,337 - 196 - 11 - 16,66.70%,12 - 315,200 - 69,16 - 5,http://www.cfbstats.com/2014/team/498
40.58,214 - 93,14 - 108 - 1,5.5,183 - 121 - 15,17 - 9,3199,3 - 0 - 0,48 - 43,60.70%,19.38,76 - 3084,688 - 3488 - 36,0 - 0,5.76,56 - 54,25.6,71 - 1376 - 2,82.35%,20 - 13,28 - 17,541 - 2284 - 24,-,57.14%,82 - 794,385 - 229 - 3 - 19,123.93,5.07,89.58%,47.58%,997 - 5483,4.22,132.88,3-Apr,28:43.7,14 - 441,319,41.18%,63 - 528,96.40%,41 - 40,7.12,17 - 7,304,3.83,123 - 155 - 26,31:16.3,2689,68 - 56,18 - 69 - 0,31.5,1073 - 6177,43.46%,75%,14 - 8,67 - 2757,Northern Illinois,97.60%,456 - 265 - 14 - 18,65%,14 - 359,227 - 108,24 - 10,http://www.cfbstats.com/2014/team/503
37.92,183 - 70,15 - 213 - 1,5.25,91 - 135 - 18,17 - 9,2572,14 - 132 - 1,48 - 37,77.80%,19.49,59 - 2237,486 - 1639 - 20,4-May,4.5,28 - 26,25.2,35 - 682 - 1,81.40%,21 - 11,18 - 14,481 - 2039 - 18,80%,48.28%,61 - 522,455 - 261 - 14 - 10,116.41,3.37,77.08%,39.62%,878 - 4611,4.24,106.42,Jan-00,29:26.3,12 - 276,244,47.62%,68 - 611,92.90%,38 - 35,13.6,21 - 10,244,7.48,111 - 116 - 17,30:33.7,2598,43 - 35,27 - 202 - 1,23,941 - 4237,38.25%,0%,29 - 14,71 - 2644,Northwestern,92.10%,397 - 220 - 15 - 17,52.40%,12 - 302,212 - 84,21 - 12,http://www.cfbstats.com/2014/team/509
41.25,192 - 79,16 - 138 - 0,5.6,117 - 168 - 24,23 - 12,3029,14 - 301 - 4,50 - 42,58.30%,23.42,55 - 2269,484 - 2073 - 24,2-Mar,6.11,52 - 51,29.2,26 - 609 - 1,80.65%,20 - 12,24 - 14,525 - 2225 - 21,66.67%,50%,58 - 487,463 - 277 - 14 - 30,132.53,4.28,84%,47.64%,938 - 5254,4.24,142.49,2-Apr,29:51.2,13 - 427,309,45.83%,78 - 665,98.10%,45 - 43,8.48,24 - 11,278,5.33,126 - 136 - 16,30:08.8,3711,62 - 50,9 - 48 - 0,32.8,947 - 5784,41.15%,50%,16 - 8,51 - 2115,Notre Dame,95.60%,413 - 249 - 16 - 23,60%,13 - 379,191 - 91,13 - 7,http://www.cfbstats.com/2014/team/513
42.48,215 - 73,25 - 300 - 2,4.98,217 - 150 - 19,24 - 14,3016,12 - 256 - 2,45 - 38,65%,17.24,96 - 4078,690 - 3967 - 41,1-Jan,6.98,89 - 89,22,70 - 1207 - 0,85.14%,15 - 10,20 - 13,537 - 2120 - 24,100%,59.09%,84 - 711,409 - 260 - 12 - 42,108.17,5.75,84.44%,52.02%,1032 - 5136,3.95,167.73,Jan-00,31:30.3,15 - 672,386,52.63%,79 - 686,100%,42 - 42,11.28,19 - 10,283,5.8,120 - 135 - 28,28:29.7,3707,74 - 63,10 - 58 - 0,44.8,1099 - 7674,33.95%,0%,22 - 13,48 - 2164,Ohio State,100%,495 - 276 - 25 - 17,66.70%,15 - 330,198 - 103,19 - 8,http://www.cfbstats.com/2014/team/518
41.08,179 - 76,12 - 174 - 0,5.58,107 - 103 - 23,24 - 14,3137,9 - 64 - 2,36 - 29,65.40%,20.09,66 - 2711,470 - 1969 - 16,Jan-00,5.26,27 - 27,24.8,33 - 663 - 0,83.33%,16 - 11,26 - 17,414 - 1595 - 13,0%,46.15%,72 - 648,375 - 202 - 9 - 11,130.68,4.19,80.56%,38.98%,848 - 4732,3.85,114.16,Jan-00,29:48.1,12 - 246,233,50%,80 - 713,100%,37 - 37,8.75,14 - 7,246,5.86,98 - 133 - 15,30:11.9,2474,42 - 35,21 - 123 - 0,20.5,845 - 4443,42.46%,0%,13 - 6,63 - 2631,Ohio,100%,434 - 255 - 12 - 22,68.80%,12 - 298,177 - 69,7-Dec,http://www.cfbstats.com/2014/team/519
40.51,206 - 84,12 - 155 - 2,5.79,92 - 128 - 26,5-Nov,3499,17 - 184 - 2,48 - 41,78.60%,21.04,76 - 3079,506 - 1776 - 18,0 - 0,5.43,41 - 41,31.2,56 - 1178 - 2,90.48%,24 - 17,28 - 22,517 - 2117 - 24,-,50%,79 - 700,401 - 222 - 17 - 19,137.04,3.51,85.42%,32.82%,970 - 5616,4.09,128.49,1-Feb,27:59.6,13 - 359,246,31.25%,89 - 815,100%,49 - 47,9.77,16 - 5,286,3.16,117 - 145 - 24,32:00.4,3149,42 - 38,25 - 79 - 0,27.6,907 - 4925,40.78%,50%,16 - 8,81 - 3385,Oklahoma State,95.90%,453 - 275 - 12 - 23,70.80%,13 - 406,195 - 64,2-Dec,http://www.cfbstats.com/2014/team/521
39.2,215 - 82,12 - 191 - 3,5.14,161 - 118 - 14,7-Dec,3591,17 - 239 - 3,39 - 32,72.20%,21.31,89 - 3489,557 - 3395 - 40,0 - 0,6.41,62 - 60,25.9,26 - 554 - 0,82.76%,18 - 14,18 - 13,458 - 1383 - 15,-,60%,70 - 648,386 - 210 - 17 - 17,125.59,6.1,82.05%,40.45%,968 - 4974,3.02,117.7,Feb-00,30:19.9,13 - 473,293,52.94%,77 - 614,96.80%,40 - 37,5.8,17 - 9,264,10.65,86 - 155 - 23,29:40.1,2646,58 - 48,17 - 181 - 1,36.4,943 - 6041,38.14%,0%,15 - 9,66 - 2763,Oklahoma,92.50%,510 - 287 - 12 - 23,77.80%,13 - 337,178 - 72,19 - 7,http://www.cfbstats.com/2014/team/522
39.12,165 - 87,5 - 0 - 0,6.12,96 - 156 - 23,4-Oct,2756,16 - 146 - 1,57 - 47,60%,22.92,41 - 1604,365 - 1793 - 22,0 - 0,6.44,52 - 50,38,49 - 1123 - 1,83.33%,9-Dec,6-Oct,552 - 2670 - 30,-,60%,44 - 439,458 - 290 - 16 - 30,160.57,4.91,82.46%,41.61%,886 - 5426,4.84,142.33,2-Feb,28:04.1,12 - 392,275,75%,65 - 601,96.20%,59 - 59,9.33,16 - 12,291,22.09,159 - 123 - 9,33:10.9,3510,48 - 40,11 - 243 - 3,32.7,823 - 5303,52.73%,100%,30 - 18,41 - 1719,Old Dominion,100%,334 - 229 - 5 - 26,75%,12 - 456,149 - 62,26 - 14,http://www.cfbstats.com/2014/team/523
41.48,172 - 68,11 - 109 - 1,5.76,78 - 138 - 33,13 - 6,2977,8 - 133 - 1,42 - 36,86.40%,20.56,58 - 2406,376 - 1417 - 19,Mar-00,5.57,33 - 33,31.6,36 - 740 - 0,79.25%,23 - 17,22 - 19,412 - 1898 - 24,0%,42.11%,107 - 958,472 - 290 - 8 - 15,126.45,3.77,85.71%,31.74%,847 - 4875,4.61,127.36,2-Apr,31:51.4,12 - 308,249,62.50%,86 - 809,100%,42 - 42,6.06,16 - 10,264,6.92,100 - 133 - 31,28:07.8,3305,53 - 42,24 - 166 - 1,25.7,848 - 4722,39.53%,50%,19 - 8,70 - 2735,Oregon State,100%,435 - 256 - 11 - 20,73.90%,12 - 379,167 - 53,21 - 7,http://www.cfbstats.com/2014/team/528
42.74,242 - 102,13 - 163 - 0,5.52,183 - 198 - 25,18 - 7,3964,4/8/2000,59 - 50,85.70%,21.39,68 - 2906,644 - 3518 - 42,4-Jul,7.34,83 - 79,23.6,93 - 1989 - 0,86.25%,24 - 18,21 - 18,587 - 2481 - 22,57.14%,60.71%,123 - 1095,474 - 326 - 4 - 44,125.17,5.46,84.75%,49.49%,1168 - 6445,4.23,180.78,1-Apr,26:49.0,15 - 681,406,48.72%,91 - 809,95.20%,38 - 38,12.89,39 - 19,349,6.27,132 - 189 - 28,33:11.0,4687,80 - 69,11 - 69 - 0,45.4,1118 - 8205,42.15%,25%,28 - 17,47 - 1840,Oregon,100%,581 - 351 - 13 - 21,75%,15 - 354,198 - 98,29 - 21,http://www.cfbstats.com/2014/team/529
41.35,203 - 61,16 - 143 - 2,4.27,84 - 137 - 28,15 - 11,2317,15 - 257 - 2,39 - 32,82.80%,26.11,84 - 3473,451 - 1325 - 13,0 - 0,4.6,28 - 28,18.6,36 - 940 - 1,82.50%,26 - 18,29 - 24,443 - 1306 - 14,-,36.84%,75 - 600,497 - 276 - 15 - 13,101.15,2.94,82.05%,39.53%,849 - 3623,2.95,109.4,0 - 0,31:15.5,13 - 268,249,26.32%,90 - 788,100%,27 - 24,6.84,19 - 5,190,4.48,79 - 96 - 15,28:44.5,3034,40 - 33,21 - 94 - 0,20.6,948 - 4359,30.05%,-,19 - 7,77 - 2818,Penn State,88.90%,406 - 215 - 16 - 10,69.20%,13 - 242,215 - 85,13 - 5,http://www.cfbstats.com/2014/team/539
42.1,173 - 65,10 - 95 - 0,5.59,182 - 107 - 19,24 - 12,2586,7 - 81 - 1,38 - 32,76.20%,19.89,69 - 2905,610 - 3243 - 35,Jan-00,6.17,51 - 50,26.3,36 - 716 - 1,89.83%,13 - 10,21 - 16,465 - 2091 - 26,0%,66.67%,83 - 695,308 - 188 - 7 - 17,121.6,5.32,84.21%,46.47%,837 - 4677,4.5,140.61,2-Jun,33:49.1,13 - 414,308,61.11%,78 - 634,98%,38 - 36,7.35,18 - 11,246,4.71,118 - 112 - 16,26:10.9,2417,59 - 53,14 - 66 - 0,31.8,918 - 5660,37.57%,33.33%,15 - 10,50 - 2003,Pittsburgh,94.70%,372 - 199 - 10 - 17,76.90%,13 - 342,170 - 79,16 - 4,http://www.cfbstats.com/2014/team/545
41.74,182 - 84,10 - 223 - 1,5.58,95 - 100 - 11,17 - 8,2687,16 - 139 - 2,57 - 45,80%,19.76,50 - 2087,402 - 1886 - 17,1-Jan,4.95,33 - 32,31.7,37 - 731 - 0,83.78%,23 - 16,20 - 16,504 - 2305 - 27,100%,38.71%,60 - 518,434 - 233 - 16 - 16,125.16,4.69,78.95%,36.32%,894 - 4992,4.57,102.02,Jan-00,28:54.9,12 - 286,206,22.22%,50 - 434,97%,47 - 44,14.81,18 - 4,268,11.38,119 - 131 - 18,31:05.1,2249,37 - 31,16 - 182 - 1,23.8,836 - 4135,46.15%,0%,31 - 12,60 - 2322,Purdue,93.60%,390 - 223 - 10 - 18,69.60%,12 - 380,190 - 69,17 - 9,http://www.cfbstats.com/2014/team/559
41.31,187 - 77,9 - 167 - 1,5.74,117 - 120 - 15,4-Oct,3034,8 - 123 - 0,42 - 35,65%,27.44,62 - 2561,571 - 2181 - 22,0 - 0,5.62,48 - 47,28.5,25 - 686 - 1,91.67%,17 - 12,20 - 13,460 - 1983 - 19,-,33.33%,77 - 695,352 - 204 - 8 - 25,133.32,3.82,83.33%,44.55%,874 - 5017,4.31,148.65,0 - 0,33:36.1,13 - 374,252,25%,56 - 504,97.90%,48 - 46,7.62,20 - 5,256,8.17,111 - 124 - 21,26:23.9,3009,48 - 44,29 - 237 - 0,28.8,923 - 5190,41.18%,-,15 - 5,68 - 2853,Rice,95.80%,414 - 226 - 9 - 27,70.60%,13 - 370,202 - 90,19 - 11,http://www.cfbstats.com/2014/team/574
36.93,182 - 77,7 - 42 - 0,6.39,117 - 114 - 10,13 - 7,2996,13 - 65 - 0,54 - 42,76.20%,22.41,56 - 2068,489 - 2114 - 21,0 - 0,5.99,43 - 41,30.2,51 - 1143 - 0,90.24%,23 - 13,21 - 16,499 - 2760 - 32,-,47.06%,61 - 545,357 - 199 - 13 - 22,133.86,4.32,77.78%,35.67%,901 - 5756,5.53,138.34,Feb-00,30:16.7,13 - 347,241,42.86%,82 - 711,95.30%,49 - 47,8.29,21 - 9,276,7.07,136 - 123 - 17,29:38.7,2956,41 - 37,27 - 191 - 0,26.7,846 - 5070,42.31%,0%,17 - 8,65 - 2427,Rutgers,95.90%,402 - 241 - 7 - 18,56.50%,13 - 392,171 - 61,22 - 11,http://www.cfbstats.com/2014/team/587
41.01,193 - 79,14 - 182 - 1,4.93,129 - 105 - 18,13 - 7,2321,15 - 224 - 1,36 - 33,80%,21.57,69 - 2830,517 - 2809 - 26,Jan-00,5.92,37 - 37,19.8,49 - 1057 - 0,77.08%,15 - 9,25 - 20,522 - 2001 - 22,0%,41.67%,77 - 694,349 - 183 - 15 - 10,112.11,5.43,91.67%,42.22%,877 - 4322,3.83,109.11,0 - 0,31:19.2,13 - 325,252,60%,66 - 556,100%,33 - 33,10.35,20 - 12,234,4.33,112 - 97 - 25,28:37.0,2319,48 - 37,18 - 78 - 0,25,866 - 5128,40.93%,-,5-Dec,59 - 2113,San Diego State,100%,355 - 198 - 14 - 10,60%,13 - 258,180 - 76,18 - 12,http://www.cfbstats.com/2014/team/626
37.92,169 - 75,6 - 40 - 0,5.52,97 - 143 - 14,22 - 12,1414,14 - 174 - 1,53 - 44,46.20%,20.31,51 - 1934,454 - 1696 - 11,0 - 0,5.24,28 - 28,29.4,26 - 528 - 0,66.67%,17 - 13,26 - 12,536 - 2873 - 35,-,58.62%,52 - 439,450 - 283 - 14 - 16,108.12,3.74,83.02%,43.15%,777 - 4287,5.36,125.11,0 - 0,31:24.9,12 - 232,254,60%,59 - 456,100%,45 - 44,6.9,15 - 9,219,18.58,145 - 64 - 10,28:35.1,3038,39 - 26,12 - 223 - 2,19.3,904 - 4734,44.38%,-,29 - 17,44 - 1595,San Jose State,97.80%,241 - 134 - 6 - 6,76.50%,12 - 353,197 - 85,15 - 8,http://www.cfbstats.com/2014/team/630
41.52,200 - 82,6 - 111 - 1,5.59,129 - 123 - 20,15 - 11,2767,17 - 373 - 2,49 - 38,79.20%,16.39,67 - 2782,537 - 2327 - 16,Jan-00,5.15,33 - 30,26.4,49 - 803 - 0,78.05%,25 - 15,24 - 19,541 - 2419 - 22,0%,25%,81 - 717,412 - 218 - 17 - 17,129.3,4.33,77.55%,36.13%,927 - 5186,4.47,110.49,Mar-00,30:21.3,13 - 293,272,52.94%,79 - 730,90.90%,40 - 40,7.08,17 - 9,268,5.33,127 - 111 - 30,29:38.7,2561,41 - 32,24 - 128 - 0,22.5,949 - 4888,41%,0%,3-Dec,74 - 3094,South Alabama,100%,386 - 216 - 6 - 19,60%,13 - 343,191 - 69,21 - 15,http://www.cfbstats.com/2014/team/646
39.92,170 - 71,11 - 203 - 2,6.22,131 - 150 - 24,21 - 10,2866,11 - 116 - 1,60 - 53,72%,22.5,52 - 2076,479 - 2093 - 23,0 - 0,6.09,52 - 52,30.4,32 - 720 - 2,86.54%,30 - 19,25 - 18,514 - 2759 - 29,-,52.17%,70 - 606,468 - 277 - 11 - 28,131.68,4.37,88.33%,43.18%,904 - 5625,5.37,140.12,2-Feb,30:49.1,13 - 424,305,83.33%,80 - 736,100%,46 - 46,5,10-Dec,292,6.85,133 - 138 - 21,29:10.9,3671,52 - 45,13 - 89 - 0,32.6,947 - 5764,41.76%,100%,23 - 12,44 - 1823,South Carolina,100%,390 - 242 - 11 - 16,63.30%,13 - 395,176 - 76,15 - 8,http://www.cfbstats.com/2014/team/648
41.4,172 - 78,6 - 46 - 1,5.69,62 - 104 - 16,23 - 9,2638,11 - 145 - 2,44 - 39,76.50%,21.75,58 - 2401,376 - 1295 - 11,Jan-00,4.94,23 - 23,27,24 - 522 - 0,70.37%,16 - 12,17 - 13,487 - 2195 - 22,0%,47.37%,75 - 728,364 - 179 - 11 - 11,141.28,3.44,88.64%,37.36%,849 - 4833,4.51,107.59,0 - 0,28:21.1,12 - 206,182,83.33%,69 - 622,100%,41 - 40,7.05,10-Dec,258,8.79,114 - 127 - 17,31:38.5,2361,27 - 19,28 - 246 - 1,17.2,740 - 3656,45.35%,-,19 - 9,66 - 2888,South Florida,97.60%,362 - 249 - 6 - 16,75%,12 - 324,174 - 65,22 - 14,http://www.cfbstats.com/2014/team/651
39.99,200 - 70,14 - 212 - 2,5.3,122 - 165 - 21,14 - 7,3569,5/11/2000,54 - 40,81.80%,22.47,77 - 3079,524 - 2092 - 18,Jan-00,6.04,62 - 61,25.2,59 - 1326 - 1,86.79%,18 - 11,9-Nov,453 - 1734 - 20,0%,62.50%,115 - 1023,460 - 318 - 5 - 39,120.41,3.99,74.07%,46.63%,1001 - 5303,3.83,165.36,2-Mar,30:34.2,13 - 466,308,57.69%,81 - 713,98.40%,38 - 36,9.73,26 - 15,302,16.25,100 - 161 - 41,29:25.8,3856,53 - 46,12 - 195 - 0,35.8,984 - 5948,35%,66.67%,24 - 15,69 - 2748,USC,94.70%,548 - 322 - 14 - 20,61.10%,13 - 327,208 - 97,20 - 9,http://www.cfbstats.com/2014/team/657
39.65,162 - 71,6/14/2000,6.62,74 - 85 - 17,25 - 16,3164,14 - 113 - 0,65 - 54,52.90%,21.7,37 - 1467,362 - 1204 - 9,1-Feb,4.08,12-Dec,41.3,27 - 586 - 1,68.97%,27 - 20,17 - 9,541 - 2829 - 32,50%,50%,74 - 632,430 - 230 - 14 - 6,157.38,3.33,83.08%,32.45%,905 - 5993,5.23,91.12,Mar-00,28:50.8,12 - 133,176,55%,83 - 801,100%,60 - 58,4.29,20 - 11,302,9,140 - 147 - 15,31:09.2,2024,29 - 20,33 - 297 - 0,11.1,792 - 3228,43.83%,0%,28 - 14,77 - 3121,SMU,96.70%,364 - 230 - 6 - 27,74.10%,12 - 496,188 - 61,15 - 10,http://www.cfbstats.com/2014/team/663
41.04,162 - 72,7 - 53 - 0,6.41,77 - 142 - 30,27 - 11,2821,15 - 123 - 1,53 - 41,76%,29.74,49 - 2011,376 - 1149 - 9,Feb-00,5.1,23 - 21,35.4,34 - 1011 - 2,76.92%,20 - 12,25 - 19,482 - 2596 - 28,0%,23.08%,77 - 731,482 - 277 - 15 - 14,145.97,3.06,77.36%,34.24%,845 - 5417,5.39,117.15,Feb-00,29:25.1,12 - 228,249,60%,72 - 652,91.30%,54 - 53,8.94,15 - 9,279,6.72,117 - 139 - 23,30:34.9,3231,39 - 30,18 - 121 - 0,19,858 - 4380,44.44%,0%,13 - 3,67 - 2644,Southern Mississippi,98.10%,363 - 231 - 7 - 23,60%,12 - 425,184 - 63,14 - 9,http://www.cfbstats.com/2014/team/664
40.45,200 - 80,13 - 225 - 1,5.71,142 - 123 - 13,14 - 5,2919,7 - 181 - 2,47 - 37,63.20%,21.17,65 - 2629,538 - 2862 - 29,2-Feb,6.06,50 - 48,27.7,24 - 508 - 0,86%,19 - 13,19 - 12,522 - 2434 - 21,100%,60%,75 - 708,382 - 250 - 7 - 22,129.95,5.32,78.72%,38.55%,938 - 5353,4.66,140.4,1-Apr,28:06.3,12 - 406,278,61.54%,73 - 560,96%,38 - 37,10.33,26 - 16,262,4.82,121 - 125 - 16,31:53.7,2711,50 - 43,17 - 82 - 0,33.8,920 - 5573,40%,25%,20 - 12,65 - 2844,Texas State,97.40%,416 - 262 - 13 - 18,68.40%,12 - 332,179 - 69,14 - 6,http://www.cfbstats.com/2014/team/670
40.4,196 - 76,7 - 99 - 0,5.88,162 - 112 - 9,5-Sep,3427,9 - 166 - 2,45 - 33,81.80%,17.24,58 - 2343,548 - 2937 - 31,0 - 0,5.91,46 - 43,26,38 - 655 - 0,91.23%,20 - 13,22 - 18,455 - 1849 - 21,-,50%,65 - 529,370 - 238 - 9 - 15,140.98,5.36,73.33%,42.22%,898 - 5276,4.06,129.35,1-Feb,31:42.9,13 - 383,283,51.61%,60 - 466,93.50%,41 - 37,6.94,31 - 16,253,9.53,89 - 145 - 19,28:17.1,2489,57 - 52,15 - 143 - 1,29.5,918 - 5426,38.78%,50%,18 - 9,59 - 2486,Louisiana-Lafayette,90.20%,443 - 288 - 7 - 19,65%,13 - 338,180 - 76,18 - 10,http://www.cfbstats.com/2014/team/671
41.91,201 - 72,12 - 68 - 0,4.21,95 - 149 - 22,28 - 13,2313,8 - 33 - 0,33 - 27,68.20%,21.16,82 - 3437,477 - 2064 - 22,0 - 0,5.89,44 - 44,16.4,25 - 529 - 1,73.68%,14 - 11,22 - 15,443 - 1358 - 12,-,30%,75 - 630,381 - 248 - 8 - 20,105.79,4.33,81.82%,42.42%,873 - 3671,3.07,144.09,0 - 0,32:12.8,13 - 353,266,44.44%,81 - 699,100%,25 - 24,18.32,27 - 12,219,6.91,84 - 117 - 18,27:47.2,2988,57 - 42,23 - 159 - 0,27.2,858 - 5052,35.82%,-,3-Oct,59 - 2252,Stanford,96%,430 - 245 - 12 - 12,78.60%,13 - 213,165 - 70,14 - 4,http://www.cfbstats.com/2014/team/674
43.4,179 - 71,8 - 91 - 2,5,92 - 93 - 17,13 - 4,2519,17 - 296 - 2,40 - 31,73.90%,19.91,63 - 2734,424 - 1750 - 12,Jan-00,4.91,21 - 20,24.3,32 - 637 - 1,80%,24 - 19,23 - 17,493 - 1671 - 9,0%,50%,86 - 717,383 - 207 - 17 - 6,140.08,4.13,77.50%,34.08%,838 - 4190,3.39,98.79,1-Feb,26:41.1,12 - 205,202,63.64%,79 - 672,95.20%,31 - 31,8.35,7-Nov,240,14.3,100 - 120 - 20,33:18.9,2209,35 - 28,23 - 329 - 2,17.1,807 - 3959,39.66%,50%,6-Dec,76 - 3182,Syracuse,100%,345 - 225 - 8 - 19,79.20%,12 - 292,179 - 61,21 - 12,http://www.cfbstats.com/2014/team/688
37.07,184 - 64,11 - 315 - 2,4.75,74 - 93 - 15,25 - 11,2243,16 - 101 - 2,33 - 24,62.50%,19.02,73 - 2706,369 - 1293 - 11,Jan-00,4.79,32 - 32,17.5,48 - 913 - 0,69.05%,23 - 14,24 - 15,509 - 1922 - 12,0%,50%,78 - 653,403 - 214 - 16 - 13,112.3,3.5,72.73%,23.49%,876 - 4165,3.78,106,0 - 0,26:47.7,12 - 277,182,33.33%,74 - 721,100%,24 - 24,12.28,18 - 6,233,2.95,111 - 101 - 21,33:12.3,2408,42 - 29,22 - 65 - 0,23.1,772 - 3701,34.78%,-,22 - 11,74 - 2780,Temple,100%,367 - 216 - 11 - 9,60.90%,12 - 210,166 - 39,27 - 19,http://www.cfbstats.com/2014/team/690
41.12,190 - 65,16 - 157 - 1,5.31,118 - 139 - 20,18 - 8,2551,14 - 163 - 1,34 - 32,76.90%,18.81,84 - 3454,524 - 1903 - 20,2-Feb,4.93,43 - 42,24.2,54 - 1016 - 0,92.59%,17 - 11,26 - 20,515 - 2189 - 23,100%,58.33%,54 - 444,453 - 281 - 14 - 23,115.68,3.63,94.12%,38.94%,892 - 4740,4.25,126.64,Jan-00,30:14.5,13 - 376,277,40%,78 - 620,97.70%,40 - 36,9.68,15 - 6,244,3.23,120 - 110 - 14,29:45.5,2914,54 - 50,22 - 71 - 0,28.9,977 - 4817,34.21%,0%,7-Dec,80 - 3378,Tennessee,90%,377 - 201 - 16 - 16,64.70%,13 - 315,208 - 81,19 - 8,http://www.cfbstats.com/2014/team/694
40.94,205 - 82,5 - 45 - 0,5.91,106 - 179 - 15,15 - 5,3052,15 - 178 - 2,43 - 37,86.70%,19.69,69 - 2825,421 - 1949 - 20,0 - 0,6.33,59 - 59,28.1,36 - 709 - 0,87.76%,28 - 17,15 - 13,561 - 2808 - 23,-,57.89%,68 - 663,514 - 332 - 15 - 39,127.86,4.63,86.05%,40.78%,992 - 5860,5.01,148.69,0 - 0,26:14.4,13 - 458,300,60%,77 - 624,100%,45 - 44,12.45,20 - 12,302,7.46,139 - 139 - 24,33:44.8,3971,49 - 43,13 - 97 - 0,35.2,935 - 5920,40%,-,19 - 11,62 - 2737,Texas A&M,97.80%,431 - 242 - 5 - 19,60.70%,13 - 365,179 - 73,17 - 8,http://www.cfbstats.com/2014/team/697
43.29,219 - 61,26 - 378 - 5,4.66,139 - 173 - 19,25 - 11,3029,11 - 99 - 1,32 - 27,81.50%,20.19,100 - 4329,509 - 2689 - 32,0 - 0,6.68,77 - 76,19,57 - 1151 - 0,86.15%,18 - 17,27 - 22,508 - 1414 - 9,-,50%,82 - 752,529 - 325 - 11 - 37,106.64,5.28,84.38%,42.93%,953 - 4443,2.78,147.69,0 - 0,30:37.4,13 - 604,331,54.55%,71 - 650,98.70%,28 - 26,9.86,22 - 12,218,-1.13,86 - 119 - 13,29:22.6,4240,65 - 56,8 - -9 - 0,46.5,1038 - 6929,27.85%,-,14 - 7,64 - 2507,TCU,92.90%,445 - 216 - 26 - 17,94.40%,13 - 247,198 - 85,25 - 14,http://www.cfbstats.com/2014/team/698
43.72,194 - 91,6 - 42 - 0,6.24,95 - 178 - 23,19 - 10,3038,18 - 149 - 0,57 - 52,71.40%,20.97,50 - 2186,355 - 1836 - 8,Apr-00,6.62,44 - 42,41.3,35 - 734 - 0,76.32%,23 - 18,14 - 10,600 - 3114 - 36,0%,43.48%,112 - 1070,559 - 332 - 18 - 40,145.15,5.17,91.23%,43.68%,986 - 6152,5.19,139.87,Jan-00,26:05.3,12 - 366,296,61.90%,69 - 642,95.50%,62 - 61,3.61,21 - 13,325,3.57,164 - 130 - 31,33:54.7,4213,38 - 29,14 - 50 - 0,30.5,914 - 6049,46.91%,0%,23 - 10,54 - 2303,Texas Tech,98.40%,386 - 228 - 6 - 27,78.30%,12 - 495,174 - 76,20 - 9,http://www.cfbstats.com/2014/team/700
40.66,215 - 76,15 - 183 - 2,4.68,100 - 115 - 17,22 - 14,2395,11 - 239 - 2,44 - 33,66.70%,30.07,82 - 3334,474 - 1786 - 18,Feb-00,4.92,32 - 30,23.8,15 - 451 - 1,78.57%,17 - 13,21 - 14,549 - 2136 - 17,0%,50%,77 - 664,418 - 243 - 11 - 14,110.04,3.77,75%,34.33%,968 - 4531,3.89,116.15,Jan-00,29:42.7,13 - 278,232,54.17%,71 - 655,93.80%,38 - 37,8.05,24 - 13,251,10.18,122 - 112 - 17,30:17.3,2599,42 - 33,33 - 336 - 0,21.4,892 - 4385,35.35%,0%,14 - 7,87 - 3678,Texas,97.40%,419 - 247 - 15 - 13,76.50%,13 - 310,201 - 69,16 - 7,http://www.cfbstats.com/2014/team/703
41.76,161 - 59,11 - 138 - 2,6.3,138 - 72 - 16,15 - 6,2486,6 - 110 - 1,43 - 37,81.30%,17.47,62 - 2589,573 - 2701 - 27,0 - 0,5.3,44 - 43,28.1,19 - 332 - 0,84.09%,15 - 8,16 - 13,439 - 2299 - 26,-,33.33%,65 - 514,287 - 159 - 6 - 12,129.45,4.71,86.05%,42.19%,760 - 4785,5.24,119.4,Jan-00,34:57.5,13 - 346,226,28.57%,72 - 570,97.70%,48 - 47,5.07,14 - 4,211,10.39,105 - 95 - 11,25:02.5,1858,44 - 37,36 - 374 - 1,26.6,860 - 4559,36.65%,0%,15 - 5,71 - 2909,UTEP,97.90%,321 - 166 - 11 - 19,53.30%,13 - 365,192 - 81,22 - 10,http://www.cfbstats.com/2014/team/704
40.71,193 - 82,9 - 95 - 0,5.23,84 - 102 - 14,25 - 10,2754,12 - 219 - 3,41 - 34,81%,20.41,69 - 2809,440 - 1466 - 15,0 - 0,4.48,22 - 20,25.9,32 - 653 - 0,81.25%,24 - 20,21 - 17,471 - 1682 - 14,-,62.50%,85 - 789,356 - 203 - 12 - 7,129.91,3.33,82.93%,28.25%,848 - 4436,3.57,106.41,1-Jan,29:39.8,12 - 205,200,36.36%,75 - 636,90.90%,34 - 33,4.52,4-Nov,238,4.79,94 - 112 - 32,30:20.3,2104,32 - 26,24 - 115 - 0,17.1,796 - 3570,42.49%,100%,16 - 10,84 - 3459,UTSA,97.10%,377 - 217 - 9 - 18,83.30%,12 - 311,177 - 50,18 - 10,http://www.cfbstats.com/2014/team/706
39.66,190 - 82,10 - 93 - 0,5.81,162 - 137 - 22,22 - 8,3792,9 - 242 - 1,54 - 48,77.30%,18.89,68 - 2697,576 - 3333 - 35,1-Jan,6.55,60 - 57,30.5,47 - 888 - 0,88.71%,19 - 15,22 - 17,431 - 1511 - 13,100%,64.29%,78 - 669,397 - 243 - 9 - 24,148.37,5.79,88.89%,45.99%,912 - 5303,3.51,141.04,1-Apr,31:27.6,13 - 476,321,62.50%,63 - 547,95%,47 - 43,6.76,16 - 10,283,7.38,88 - 173 - 22,28:32.4,3044,62 - 55,8 - 59 - 0,36.6,973 - 6377,43.16%,25%,14 - 9,53 - 1966,Toledo,91.50%,481 - 293 - 10 - 37,78.90%,13 - 396,187 - 86,4-Oct,http://www.cfbstats.com/2014/team/709
39.82,166 - 84,11 - 95 - 1,6.38,116 - 91 - 14,16 - 10,2495,4/26/2000,54 - 50,71.40%,25.03,38 - 1513,460 - 1974 - 18,Jan-00,5.34,32 - 32,36.2,34 - 851 - 0,77.78%,15 - 14,14 - 10,521 - 2953 - 35,0%,48%,74 - 717,357 - 238 - 4 - 12,136.71,4.29,92.59%,38.67%,854 - 5448,5.67,131.64,Jan-00,29:21.5,12 - 262,221,58.82%,55 - 477,100%,55 - 54,6.56,17 - 10,279,8.6,149 - 111 - 19,30:38.5,2385,36 - 28,20 - 172 - 1,21.8,817 - 4359,50.60%,0%,25 - 12,63 - 2472,Troy,98.20%,333 - 205 - 11 - 19,93.30%,12 - 434,181 - 70,7-Nov,http://www.cfbstats.com/2014/team/716
40.2,162 - 61,17 - 86 - 0,5.65,93 - 105 - 28,14 - 7,2759,18 - 231 - 5,54 - 37,50%,25.62,51 - 2050,419 - 1746 - 11,0 - 0,4.83,24 - 22,28.4,21 - 538 - 0,66.67%,27 - 17,16 - 8,447 - 1895 - 16,-,25.93%,90 - 841,443 - 240 - 18 - 13,126.57,4.17,68.52%,33.16%,824 - 4654,4.24,101.53,1-Jan,30:31.9,12 - 192,226,38.89%,76 - 703,91.70%,40 - 40,4.56,18 - 7,246,7.3,106 - 117 - 23,29:28.1,2415,33 - 22,23 - 168 - 0,16,862 - 4161,37.65%,100%,27 - 7,72 - 2683,Tulane,100%,377 - 220 - 17 - 18,63%,12 - 341,187 - 62,21 - 11,http://www.cfbstats.com/2014/team/718
40.07,180 - 75,8 - 116 - 1,6.95,107 - 140 - 23,5-Sep,3265,18 - 202 - 3,52 - 43,66.70%,15.62,59 - 2364,477 - 1774 - 11,2-Mar,5.17,34 - 34,39.3,37 - 578 - 0,76.09%,22 - 12,18 - 12,467 - 2576 - 30,66.67%,39.29%,78 - 768,481 - 263 - 18 - 23,156.67,3.72,82.69%,38.42%,841 - 5841,5.52,118.45,1-Feb,31:34.6,12 - 296,270,68.75%,71 - 643,100%,59 - 59,7.47,16 - 11,261,7,115 - 123 - 23,28:25.4,3176,46 - 35,19 - 133 - 0,24.7,958 - 4950,41.67%,50%,28 - 11,70 - 2943,Tulsa,100%,374 - 232 - 8 - 29,54.50%,12 - 471,203 - 78,16 - 7,http://www.cfbstats.com/2014/team/719
39.85,194 - 71,10 - 72 - 0,5.73,198 - 74 - 15,20 - 13,3368,4 - 110 - 1,42 - 34,86.40%,20.69,68 - 2710,796 - 3550 - 34,2-Mar,5.43,47 - 46,24.2,36 - 745 - 0,90%,19 - 14,22 - 19,461 - 1763 - 17,66.67%,71.43%,46 - 460,206 - 117 - 4 - 15,130.85,4.46,80.95%,46.95%,895 - 5131,3.82,154.14,0 - 0,31:32.8,13 - 409,287,45.16%,59 - 535,97.90%,39 - 38,5.07,31 - 14,249,7.31,91 - 144 - 14,28:27.2,1893,60 - 54,13 - 95 - 0,31.5,1002 - 5443,36.60%,-,28 - 20,61 - 2662,Air Force,97.40%,434 - 239 - 10 - 20,73.70%,13 - 314,213 - 100,14 - 8,http://www.cfbstats.com/2014/team/721
38.47,149 - 68,11 - 237 - 2,6.48,181 - 25 - 10,18 - 11,2854,2/28/2000,56 - 50,53.80%,22.3,36 - 1385,665 - 3558 - 33,1-Feb,5.59,38 - 36,32.9,40 - 892 - 0,74.36%,17 - 15,13 - 7,436 - 2316 - 19,50%,51.61%,49 - 435,105 - 50 - 2 - 3,155.81,5.35,89.29%,40.91%,798 - 5170,5.31,113,2-Feb,31:19.7,12 - 299,216,69.57%,54 - 460,94.70%,47 - 46,4.06,23 - 16,261,3,117 - 131 - 13,28:40.3,747,39 - 29,5/15/2000,24.9,770 - 4305,45.64%,100%,31 - 16,44 - 1731,Army,97.90%,362 - 244 - 11 - 31,88.20%,12 - 395,154 - 63,4-Sep,http://www.cfbstats.com/2014/team/725
42.63,177 - 76,13 - 279 - 1,5.83,222 - 37 - 10,24 - 17,2668,5 - 59 - 1,52 - 41,64.30%,22.25,48 - 2046,727 - 4395 - 45,1-Feb,6.36,53 - 53,27.3,52 - 1157 - 0,87.27%,23 - 15,14 - 9,522 - 2582 - 18,50%,58.33%,33 - 324,130 - 62 - 5 - 9,136.61,6.05,78.85%,47.80%,901 - 5250,4.95,131.21,Apr-00,30:13.7,13 - 414,269,54.55%,57 - 540,100%,41 - 40,3.4,22 - 12,278,6.06,151 - 120 - 7,29:46.3,1058,55 - 48,16 - 97 - 1,31.8,857 - 5453,42.94%,0%,24 - 14,39 - 1678,Navy,97.60%,379 - 247 - 13 - 22,65.20%,13 - 355,159 - 76,5-Dec,http://www.cfbstats.com/2014/team/726
40.17,234 - 83,19 - 298 - 2,4.76,120 - 99 - 24,23 - 10,3155,11 - 215 - 1,38 - 33,57.10%,17.55,90 - 3615,512 - 2521 - 22,0 - 0,5.89,49 - 45,19.7,42 - 737 - 0,76.92%,21 - 15,21 - 12,558 - 1830 - 16,-,15.38%,101 - 918,389 - 243 - 11 - 20,111.42,4.92,86.84%,32.98%,1047 - 4985,3.28,133.86,0 - 0,29:22.4,14 - 377,243,44.83%,111 - 944,91.80%,33 - 31,8.97,29 - 13,267,3.45,108 - 132 - 27,30:37.6,2782,39 - 30,22 - 76 - 0,26.9,901 - 5303,35.47%,-,13 - 2,85 - 3420,Utah State,93.90%,489 - 265 - 19 - 16,71.40%,14 - 276,191 - 63,20 - 11,http://www.cfbstats.com/2014/team/731
42.31,199 - 74,12 - 172 - 3,5.34,126 - 112 - 15,20 - 8,3206,8 - 77 - 2,39 - 33,82.10%,20.77,83 - 3512,565 - 2475 - 21,Feb-00,5.35,45 - 44,24.9,35 - 727 - 1,84.44%,21 - 15,28 - 23,507 - 1909 - 12,0%,53.85%,77 - 702,378 - 229 - 8 - 20,130.71,4.38,84.62%,40.83%,957 - 5115,3.77,130.92,0 - 0,29:52.2,13 - 407,253,42.86%,75 - 662,97.80%,39 - 39,13.79,21 - 9,270,6.72,113 - 129 - 28,30:07.8,2570,45 - 38,18 - 121 - 0,31.3,943 - 5045,37.19%,-,13 - 7,80 - 3736,Utah,100%,450 - 267 - 12 - 23,71.40%,13 - 324,218 - 89,20 - 9,http://www.cfbstats.com/2014/team/732
40.67,166 - 70,6 - 75 - 1,5.72,78 - 93 - 22,18 - 10,2620,19 - 289 - 3,52 - 48,66.70%,21.58,52 - 2115,383 - 1311 - 7,2-Apr,4.68,22 - 22,33.3,26 - 561 - 0,73.08%,20 - 17,8-Dec,498 - 2205 - 23,50%,50%,73 - 630,357 - 180 - 19 - 13,140.39,3.42,92.31%,29.68%,844 - 4825,4.43,102.37,0 - 0,29:29.6,12 - 206,193,50%,77 - 615,100%,50 - 48,6.53,18 - 9,263,7.74,124 - 120 - 19,30:30.4,2149,26 - 19,23 - 178 - 2,17.2,740 - 3460,42.17%,-,18 - 9,70 - 2894,Vanderbilt,96%,346 - 215 - 6 - 19,85%,12 - 399,155 - 46,18 - 7,http://www.cfbstats.com/2014/team/736
42.49,198 - 57,12 - 228 - 2,5.15,105 - 130 - 26,21 - 11,2587,15 - 94 - 2,42 - 30,71.40%,20.37,83 - 3527,507 - 1923 - 12,1-Feb,4.93,34 - 33,20.2,46 - 937 - 0,87.50%,32 - 18,28 - 20,484 - 1882 - 15,50%,50%,98 - 770,456 - 271 - 15 - 19,109.17,3.79,71.43%,38.79%,868 - 4469,3.89,118.65,0 - 0,31:24.8,13 - 313,261,27.78%,91 - 768,97.10%,30 - 28,7,18 - 5,216,3.07,95 - 105 - 16,28:35.2,2826,48 - 42,29 - 89 - 0,24.1,963 - 4749,28.79%,-,14 - 7,83 - 3314,Virginia Tech,93.30%,384 - 183 - 12 - 13,56.30%,13 - 262,214 - 83,19 - 10,http://www.cfbstats.com/2014/team/742
41.9,173 - 67,15 - 130 - 3,5.14,86 - 136 - 19,17 - 8,2790,16 - 134 - 2,39 - 32,81.50%,18.81,67 - 2807,451 - 1653 - 13,0 - 0,5.08,35 - 34,24.1,32 - 602 - 1,83.67%,18 - 13,27 - 22,431 - 1448 - 11,-,47.06%,78 - 693,432 - 248 - 16 - 18,123.11,3.67,82.05%,41.84%,825 - 4238,3.36,118.91,Feb-00,31:38.9,12 - 310,241,40%,88 - 711,97.10%,34 - 34,4.42,4-Oct,225,10.5,83 - 118 - 24,28:21.1,2837,49 - 41,24 - 252 - 2,25.8,883 - 4490,38.73%,0%,17 - 8,62 - 2500,Virginia,100%,394 - 218 - 15 - 19,72.20%,12 - 289,196 - 82,25 - 14,http://www.cfbstats.com/2014/team/746
40.97,191 - 78,6 - 136 - 1,5.22,51 - 102 - 19,15 - 7,2239,14 - 204 - 3,44 - 36,78.90%,20.6,62 - 2540,383 - 479 - 4,0 - 0,3.38,19 - 19,26.4,25 - 515 - 0,72.73%,25 - 18,19 - 15,501 - 2192 - 20,-,40%,60 - 574,385 - 225 - 14 - 12,122.61,1.25,81.82%,28.26%,849 - 4431,4.38,107.63,0 - 0,28:44.0,12 - 178,172,46.15%,68 - 542,100%,38 - 35,8.68,13 - 6,231,5.93,114 - 94 - 23,31:16.0,2116,33 - 24,15 - 89 - 0,14.8,768 - 2595,40.84%,-,20 - 8,81 - 3535,Wake Forest,92.10%,348 - 211 - 6 - 12,72%,12 - 317,184 - 52,22 - 13,http://www.cfbstats.com/2014/team/749
43.68,173 - 68,3/19/2000,6.18,45 - 251 - 30,14 - 7,3559,18 - 173 - 2,53 - 46,64.70%,21.81,63 - 2752,243 - 478 - 5,1-Feb,6.12,48 - 47,38.6,53 - 1156 - 3,80.33%,21 - 18,17 - 11,430 - 1748 - 18,50%,45%,94 - 812,771 - 510 - 18 - 45,158.01,1.97,86.79%,41.49%,859 - 5307,4.07,143.19,Feb-00,31:24.3,12 - 382,326,55.56%,95 - 839,97.90%,57 - 55,7.17,18 - 10,256,17.32,88 - 140 - 28,28:30.7,5732,61 - 49,19 - 329 - 3,31.8,1014 - 6210,39.31%,0%,40 - 18,49 - 2039,Washington State,96.50%,429 - 276 - 3 - 33,85.70%,12 - 463,188 - 78,5-Nov,http://www.cfbstats.com/2014/team/754
42.41,219 - 83,13 - 289 - 4,5.38,139 - 121 - 20,33 - 11,4012,6 - 104 - 1,58 - 43,83.30%,20.3,70 - 2969,607 - 2640 - 23,2-Feb,5.4,50 - 47,24.8,63 - 1279 - 0,88.89%,24 - 20,24 - 20,529 - 1737 - 14,100%,50%,98 - 865,400 - 255 - 6 - 19,137.26,4.35,74.14%,40.74%,1068 - 5749,3.28,135.26,Feb-00,28:36.7,14 - 423,280,58.82%,85 - 738,94%,39 - 39,9.44,34 - 20,316,4.17,101 - 188 - 27,31:19.0,2801,45 - 40,12 - 50 - 0,30.2,1007 - 5441,37.90%,0%,22 - 11,72 - 2941,Washington,100%,539 - 343 - 13 - 26,83.30%,14 - 347,216 - 88,26 - 16,http://www.cfbstats.com/2014/team/756
41.96,208 - 65,12 - 106 - 2,5.43,125 - 175 - 37,28 - 19,3006,10 - 110 - 0,41 - 35,76.90%,22.33,91 - 3818,563 - 2376 - 18,Feb-00,5.92,47 - 47,27.6,49 - 1094 - 1,80%,25 - 21,39 - 30,502 - 2186 - 20,0%,45.45%,85 - 757,534 - 340 - 10 - 26,116.25,4.22,85.37%,42.36%,957 - 5192,4.35,140.81,0 - 0,29:52.8,13 - 435,337,30.43%,108 - 1072,100%,42 - 42,3.12,23 - 7,257,13.65,99 - 135 - 23,30:06.4,4121,50 - 40,17 - 232 - 3,33.5,1097 - 6497,31.25%,-,22 - 10,57 - 2383,West Virginia,100%,455 - 241 - 12 - 18,84%,13 - 359,229 - 97,13 - 2,http://www.cfbstats.com/2014/team/768
39.56,177 - 84,13 - 414 - 4,6.66,112 - 216 - 23,18 - 8,3759,10 - 199 - 1,66 - 49,76.20%,20.22,43 - 1701,429 - 2084 - 21,1-Apr,7.05,72 - 71,39.9,81 - 1638 - 3,88.06%,19 - 11,21 - 16,576 - 2870 - 33,25%,41.67%,76 - 743,557 - 378 - 10 - 49,158.49,4.86,74.24%,51.11%,996 - 6629,4.98,166.68,Feb-00,28:05.1,13 - 577,351,55.56%,84 - 763,98.60%,67 - 66,8,27 - 15,339,6.43,148 - 170 - 21,31:54.8,4866,67 - 59,14 - 90 - 0,44.4,986 - 6950,47.46%,0%,5-Dec,49 - 1817,Western Kentucky,98.50%,420 - 267 - 13 - 33,57.90%,13 - 519,180 - 92,21 - 10,http://www.cfbstats.com/2014/team/772
39.82,196 - 78,13 - 167 - 1,5.47,117 - 138 - 14,24 - 10,2829,10 - 240 - 1,46 - 34,82.40%,21.58,71 - 2827,503 - 2221 - 29,1-Jan,6.51,56 - 51,24.9,57 - 1230 - 0,88.46%,20 - 14,17 - 14,470 - 1996 - 19,100%,33.33%,69 - 665,372 - 253 - 10 - 26,119.67,4.42,73.91%,48.02%,882 - 4825,4.25,164.15,1-Jan,32:46.9,13 - 439,269,55%,72 - 622,91.10%,39 - 36,1.73,20 - 11,246,8.52,96 - 125 - 25,27:13.1,3475,52 - 46,21 - 179 - 0,33.8,875 - 5696,39.80%,100%,4-Dec,58 - 2484,Western Michigan,92.30%,412 - 222 - 13 - 18,70%,13 - 324,177 - 85,14 - 10,http://www.cfbstats.com/2014/team/774
43.08,190 - 54,6 - 121 - 0,4.91,189 - 103 - 16,23 - 10,2352,16 - 103 - 0,32 - 29,86.40%,19.9,98 - 4222,648 - 4482 - 46,0 - 0,6.77,61 - 59,20.8,63 - 1254 - 0,86.89%,18 - 15,22 - 19,492 - 1765 - 19,-,77.78%,65 - 607,322 - 177 - 16 - 15,116.74,6.92,90.63%,38.20%,839 - 4117,3.59,114.71,2-Mar,33:38.6,14 - 484,308,46.15%,82 - 645,96.70%,32 - 32,11.08,13 - 6,205,8.06,93 - 93 - 19,26:21.4,2082,61 - 53,18 - 145 - 0,34.6,970 - 6564,28.42%,66.67%,18 - 14,61 - 2263,Wisconsin,100%,347 - 170 - 6 - 15,83.30%,14 - 291,178 - 68,20 - 11,http://www.cfbstats.com/2014/team/796
43.29,161 - 69,3 - 51 - 0,6.54,83 - 124 - 14,14 - 8,2733,10 - 152 - 2,51 - 42,70.60%,24.41,51 - 2208,448 - 1838 - 17,0 - 0,5.55,31 - 31,32.8,34 - 830 - 1,77.14%,19 - 13,17 - 12,465 - 2436 - 24,-,45%,63 - 520,375 - 212 - 10 - 12,156.98,4.1,82.35%,39.79%,790 - 5169,5.24,122.98,1-Feb,32:27.6,12 - 253,221,33.33%,56 - 527,100%,49 - 47,10.19,15 - 5,252,18.29,120 - 122 - 10,27:32.4,2733,35 - 27,17 - 311 - 2,21.1,823 - 4571,42.86%,50%,20 - 9,67 - 2761,Wyoming,95.90%,325 - 214 - 3 - 22,68.40%,12 - 394,191 - 76,21 - 13,http://www.cfbstats.com/2014/team/811
